Séance,Instrument,Ticker,Ouverture,Dernier Cours,+haut du jour,+bas du jour,Nombre de titres échangés,Volume des échanges,Nombre de transactions,Capitalisation
2023-04-03,ATW,ATW,400.0,400.0,400.0,400.0,150.0,60000.0,3,86056335600.0
2023-04-04,ATW,ATW,400.0,400.0,402.0,400.0,19590.0,7836177.45,43,86056335600.0
2023-04-05,ATW,ATW,401.9,404.0,404.0,400.0,69967.0,27990143.55,39,86916898956.0
2023-04-06,ATW,ATW,403.95,400.0,403.95,398.05,110864.0,44345507.65,13,86056335600.0
2023-04-07,ATW,ATW,400.0,400.05,402.95,400.0,4621.0,1848668.75,14,86067092641.95
2023-04-10,ATW,ATW,400.0,400.0,400.1,400.0,92575.0,37030000.2,34,86056335600.0
2023-04-11,ATW,ATW,400.0,404.0,404.0,400.0,13237.0,5304514.0,23,86916898956.0
2023-04-12,ATW,ATW,400.0,400.05,403.95,396.6,14658.0,5890454.65,20,86067092641.95
2023-04-13,ATW,ATW,398.0,400.0,402.0,398.0,7019.0,2806941.4,13,86056335600.0
2023-04-14,ATW,ATW,400.0,400.05,402.0,400.0,884.0,353825.0,15,86067092641.95
2023-04-17,ATW,ATW,400.0,400.1,402.0,400.0,10339.0,4135922.9,20,86077849683.9
2023-04-18,ATW,ATW,400.0,400.0,400.0,400.0,21411.0,8564400.0,21,86056335600.0
2023-04-19,ATW,ATW,400.0,400.05,400.05,400.0,27845.0,11138375.0,23,86067092641.95
2023-04-20,ATW,ATW,400.0,400.0,405.0,400.0,3475.0,1392363.05,17,86056335600.0
2023-04-21,ATW,ATW,400.0,402.0,402.0,400.0,18900.0,7597560.0,16,86486617278.0
2023-04-25,ATW,ATW,401.75,405.0,405.0,400.1,21377.0,8640868.85,33,87132039795.0
2023-04-26,ATW,ATW,404.95,400.2,404.95,400.0,29767.0,11941542.75,30,86099363767.8
2023-04-27,ATW,ATW,400.2,403.0,403.0,397.0,5751.0,2305136.4,29,86701758117.0
2023-04-28,ATW,ATW,403.0,404.9,404.9,400.25,13695.0,5542803.5,26,87110525711.1
2023-05-02,ATW,ATW,404.9,400.1,404.9,400.0,9782.0,3915979.05,31,86077849683.9
2023-05-03,ATW,ATW,399.0,399.0,399.0,397.0,6248.0,2489307.0,34,85841194761.0
2023-05-04,ATW,ATW,397.0,398.0,398.0,397.0,3977.0,1581738.0,26,85626053922.0
2023-05-05,ATW,ATW,400.0,398.05,400.0,398.05,5474.0,2181671.45,7,85636810963.95
2023-05-08,ATW,ATW,398.1,396.0,398.85,396.0,6193.0,2458533.75,42,85195772244.0
2023-05-09,ATW,ATW,396.0,396.0,400.0,395.0,15126.0,6002322.25,40,85195772244.0
2023-05-10,ATW,ATW,396.35,397.5,399.9,396.35,15795.0,6285527.0,34,85518483502.5
2023-05-11,ATW,ATW,402.95,398.0,402.95,397.0,14396.0,5726994.55,20,85626053922.0
2023-05-12,ATW,ATW,398.0,406.0,409.95,398.0,55320.0,22426228.65,51,87347180634.0
2023-05-15,ATW,ATW,409.95,405.0,409.95,405.0,4655.0,1889377.5,27,87132039795.0
2023-05-16,ATW,ATW,403.05,412.0,415.0,403.05,32908.0,13525644.55,66,88638025668.0
2023-05-17,ATW,ATW,411.0,408.0,411.0,405.1,11914.0,4861184.7,27,87777462312.0
2023-05-18,ATW,ATW,405.55,405.0,410.0,405.0,14981.0,6078031.9,26,87132039795.0
2023-05-19,ATW,ATW,407.0,408.5,408.5,403.1,10995.0,4490321.8,15,87885032731.5
2023-05-22,ATW,ATW,404.0,407.9,407.9,403.15,2188.0,886265.5,11,87755948228.1
2023-05-23,ATW,ATW,404.2,408.0,409.95,404.2,6068.0,2476201.75,15,87777462312.0
2023-05-24,ATW,ATW,415.1,423.5,424.95,415.1,308775.0,130729004.5,142,91112145316.5
2023-05-25,ATW,ATW,418.15,418.05,421.0,418.0,22704.0,9494425.1,57,89939627743.95
2023-05-26,ATW,ATW,417.1,426.0,426.0,417.1,51243.0,21673766.1,52,91649997414.0
2023-05-29,ATW,ATW,423.05,425.0,425.95,422.0,31720.0,13479786.4,23,91434856575.0
2023-05-30,ATW,ATW,425.0,426.15,426.15,425.0,19089.0,8116928.95,76,91682268539.85
2023-05-31,ATW,ATW,424.0,427.5,428.25,424.0,107675.0,46030892.6,51,91972708672.5
2023-06-01,ATW,ATW,427.5,427.4,428.0,423.5,18301.0,7821195.3,35,91951194588.6
2023-06-02,ATW,ATW,422.05,435.0,435.0,422.0,43766.0,18762801.75,84,93586264965.0
2023-06-05,ATW,ATW,427.0,427.75,434.95,426.1,52146.0,22656547.55,37,92026493882.25
2023-06-06,ATW,ATW,430.0,429.0,430.0,427.5,13073.0,5608384.8,32,92295419931.0
2023-06-07,ATW,ATW,429.0,425.3,429.0,424.0,30461.0,12957879.75,37,91499398826.7
2023-06-08,ATW,ATW,426.0,427.0,428.95,426.0,209.0,89110.45,12,91865138253.0
2023-06-09,ATW,ATW,427.0,429.0,429.0,427.0,20738.0,8863926.0,40,92295419931.0
2023-06-12,ATW,ATW,425.0,425.2,429.0,425.0,3806.0,1618250.9,25,91477884742.8
2023-06-13,ATW,ATW,426.0,429.0,429.0,425.3,3914.0,1666872.4,28,92295419931.0
2023-06-14,ATW,ATW,429.0,434.95,434.95,426.8,108568.0,46752686.25,73,93575507923.05
2023-06-15,ATW,ATW,430.0,438.0,444.0,430.0,16414.0,7212322.3,89,94231687482.0
2023-06-16,ATW,ATW,436.0,440.0,444.0,432.05,16504.0,7249473.45,63,94661969160.0
2023-06-19,ATW,ATW,435.05,439.5,439.95,435.05,24339.0,10636371.75,54,94554398740.5
2023-06-20,ATW,ATW,437.0,449.9,455.5,435.0,123452.0,55665207.1,177,96791863466.1
2023-06-21,ATW,ATW,445.5,440.0,449.9,440.0,18099.0,7993965.55,100,94661969160.0
2023-06-22,ATW,ATW,438.1,439.0,444.9,438.1,19178.0,8431245.95,61,94446828321.0
2023-06-23,ATW,ATW,439.0,445.0,445.0,439.0,87213.0,38753617.05,44,95737673355.0
2023-06-26,ATW,ATW,440.05,440.0,445.0,440.0,11580.0,5096093.8,41,94661969160.0
2023-06-27,ATW,ATW,438.25,443.0,443.0,438.25,5756.0,2542966.05,27,95307391677.0
2023-06-28,ATW,ATW,440.0,444.0,445.0,440.0,39795.0,17650683.75,71,95522532516.0
2023-07-03,ATW,ATW,440.0,430.25,440.0,423.05,3304.0,1429180.85,47,92564345979.75
2023-07-04,ATW,ATW,431.1,435.0,435.0,430.6,8351.0,3599291.75,44,93586264965.0
2023-07-05,ATW,ATW,435.0,439.8,439.8,435.0,8013.0,3508669.5,32,94618940992.2
2023-07-06,ATW,ATW,438.9,437.5,438.9,437.0,38893.0,17015693.0,35,94124117062.5
2023-07-07,ATW,ATW,436.0,433.0,437.45,431.0,17712.0,7669605.05,34,93155983287.0
2023-07-10,ATW,ATW,431.5,433.0,434.9,431.1,10291.0,4446350.75,29,93155983287.0
2023-07-11,ATW,ATW,430.3,433.0,434.5,430.3,12224.0,5270606.65,21,93155983287.0
2023-07-12,ATW,ATW,430.7,435.5,435.6,430.7,35104.0,15243556.1,32,93693835384.5
2023-07-13,ATW,ATW,435.0,435.0,437.0,432.5,23398.0,10177155.7,37,93586264965.0
2023-07-14,ATW,ATW,435.0,437.15,437.15,435.0,27238.0,11876281.45,26,94048817768.85
2023-07-17,ATW,ATW,437.0,438.05,438.05,435.2,41641.0,18229836.35,36,94242444523.95
2023-07-18,ATW,ATW,436.0,442.0,443.0,436.0,68908.0,30310557.65,67,95092250838.0
2023-07-20,ATW,ATW,442.0,444.05,444.95,440.0,54784.0,24312460.8,62,95533289557.95
2023-07-21,ATW,ATW,444.0,445.2,446.0,443.05,39986.0,17784040.0,73,95780701522.8
2023-07-24,ATW,ATW,443.05,444.1,444.1,440.05,4898.0,2162816.05,25,95544046599.9
2023-07-25,ATW,ATW,443.5,447.95,447.95,443.5,38638.0,17296307.85,80,96372338830.05
2023-07-26,ATW,ATW,447.0,446.0,447.95,444.5,36932.0,16475646.45,60,95952814194.0
2023-07-27,ATW,ATW,446.0,450.5,454.0,446.0,37423.0,16828867.45,118,96920947969.5
2023-07-28,ATW,ATW,446.1,452.0,452.0,446.1,15738.0,7092958.0,63,97243659228.0
2023-07-31,ATW,ATW,452.0,455.0,455.0,450.0,44659.0,20215059.9,86,97889081745.0
2023-08-01,ATW,ATW,455.15,460.0,460.0,453.8,17388.0,7950511.75,93,98964785940.0
2023-08-02,ATW,ATW,458.0,461.0,461.0,455.15,46167.0,21164232.35,88,99179926779.0
2023-08-03,ATW,ATW,459.5,456.5,460.8,456.0,28241.0,12964202.6,40,98211793003.5
2023-08-04,ATW,ATW,456.5,455.05,457.0,454.95,39419.0,17948976.1,50,97899838786.95
2023-08-07,ATW,ATW,450.2,451.0,455.0,450.0,170521.0,77398088.8,41,97028518389.0
2023-08-08,ATW,ATW,448.0,450.25,451.0,448.0,22590.0,10151465.9,54,96867162759.75
2023-08-09,ATW,ATW,450.3,448.1,450.3,448.0,18500.0,8297211.95,42,96404609955.9
2023-08-10,ATW,ATW,446.6,449.9,449.9,444.25,9671.0,4339959.9,44,96791863466.1
2023-08-11,ATW,ATW,445.0,446.1,448.0,445.0,117181.0,52263018.1,21,95974328277.9
2023-08-15,ATW,ATW,446.5,447.1,448.0,446.1,13155.0,5879800.5,29,96189469116.9
2023-08-16,ATW,ATW,446.05,450.0,450.0,446.05,16175.0,7245039.3,68,96813377550.0
2023-08-17,ATW,ATW,448.0,450.0,450.0,447.15,12190.0,5482454.85,30,96813377550.0
2023-08-18,ATW,ATW,450.0,450.5,451.0,450.0,13131.0,5912449.1,40,96920947969.5
2023-08-22,ATW,ATW,450.0,450.6,453.0,450.0,8926.0,4020931.95,39,96942462053.4
2023-08-23,ATW,ATW,450.0,451.0,451.0,450.0,10684.0,4815189.6,65,97028518389.0
2023-08-24,ATW,ATW,450.6,451.3,452.85,450.6,11603.0,5233986.75,43,97093060640.7
2023-08-25,ATW,ATW,450.35,451.5,451.5,450.0,8630.0,3889432.35,45,97136088808.5
2023-08-28,ATW,ATW,446.05,453.0,453.0,446.05,10386.0,4678972.3,46,97458800067.0
2023-08-29,ATW,ATW,450.0,454.95,454.95,450.0,18449.0,8336137.7,44,97878324703.05
2023-08-30,ATW,ATW,451.05,449.0,455.0,448.05,31142.0,14127254.05,69,96598236711.0
2023-08-31,ATW,ATW,454.0,457.9,457.9,451.1,75439.0,34471723.7,85,98512990178.1
2023-09-01,ATW,ATW,451.5,455.0,455.0,451.5,26497.0,12039129.9,63,97889081745.0
2023-09-04,ATW,ATW,455.0,452.0,458.0,450.15,16807.0,7588440.2,52,97243659228.0
2023-09-05,ATW,ATW,451.25,450.5,451.5,450.2,31846.0,14351808.2,68,96920947969.5
2023-09-06,ATW,ATW,448.9,447.05,449.95,446.4,7215.0,3225467.75,47,96178712074.95
2023-09-07,ATW,ATW,445.1,446.5,447.0,445.1,388026.0,173432227.7,40,96060384613.5
2023-09-08,ATW,ATW,441.0,441.5,445.0,441.0,54132.0,23959170.25,89,94984680418.5
2023-09-11,ATW,ATW,440.0,438.5,440.0,438.0,27138.0,11927424.3,47,94339257901.5
2023-09-12,ATW,ATW,435.05,440.05,441.0,435.05,34493.0,15160176.1,25,94672726201.95
2023-09-13,ATW,ATW,437.0,441.0,443.95,437.0,3850.0,1693711.4,18,94877109999.0
2023-09-14,ATW,ATW,439.9,440.9,444.95,438.0,14053.0,6185580.0,24,94855595915.1
2023-09-15,ATW,ATW,438.5,441.5,441.5,438.5,8524.0,3759904.0,8,94984680418.5
2023-09-18,ATW,ATW,440.05,442.9,442.9,440.05,34199.0,15106989.45,18,95285877593.1
2023-09-19,ATW,ATW,443.0,444.55,444.55,443.0,17021.0,7557522.65,40,95640859977.45
2023-09-20,ATW,ATW,445.0,450.1,450.1,443.05,43381.0,19371326.35,60,96834891633.9
2023-09-21,ATW,ATW,446.7,450.05,454.0,446.7,21465.0,9638304.55,48,96824134591.95
2023-09-22,ATW,ATW,445.0,448.0,450.0,445.0,537073.0,241650824.7,34,96383095872.0
2023-09-25,ATW,ATW,445.0,452.0,452.0,445.0,8553.0,3843009.0,44,97243659228.0
2023-09-26,ATW,ATW,450.5,459.0,459.0,450.15,28353.0,12918708.0,92,98749645101.0
2023-09-27,ATW,ATW,456.0,456.0,457.0,452.0,52912.0,24124135.7,48,98104222584.0
2023-10-02,ATW,ATW,447.5,452.0,456.0,447.5,29478.0,13317969.25,35,97243659228.0
2023-10-03,ATW,ATW,450.0,449.5,452.0,449.5,49753.0,22475041.0,43,96705807130.5
2023-10-04,ATW,ATW,447.5,447.2,451.0,447.0,3559.0,1591776.1,26,96210983200.8
2023-10-05,ATW,ATW,474.0,474.0,474.0,474.0,182829.0,86660946.0,114,101976757686.0
2023-10-06,ATW,ATW,479.95,472.0,480.0,463.0,332156.0,157830824.45,228,101546476008.0
2023-10-09,ATW,ATW,465.0,465.0,469.8,462.1,44523.0,20701240.8,86,100040490135.0
2023-10-10,ATW,ATW,462.55,465.0,465.0,462.55,29287.0,13584546.25,70,100040490135.0
2023-10-11,ATW,ATW,463.15,470.0,470.0,452.5,22047.0,10268168.8,71,101116194330.0
2023-10-12,ATW,ATW,463.1,470.0,470.0,463.1,34630.0,16177857.65,85,101116194330.0
2023-10-13,ATW,ATW,466.0,472.0,472.0,466.0,33809.0,15917728.85,61,101546476008.0
2023-10-16,ATW,ATW,468.1,468.3,470.0,463.35,26651.0,12498304.2,46,100750454903.7
2023-10-17,ATW,ATW,467.1,468.05,469.8,467.0,37746.0,17696734.4,53,100696669693.95
2023-10-18,ATW,ATW,469.95,470.0,470.0,466.75,119061.0,55656599.9,79,101116194330.0
2023-10-19,ATW,ATW,468.1,470.0,471.0,467.1,36036.0,16906688.15,61,101116194330.0
2023-10-20,ATW,ATW,468.2,470.0,470.0,467.25,101389.0,47640142.45,78,101116194330.0
2023-10-23,ATW,ATW,467.5,470.0,470.0,467.2,29917.0,14034395.0,63,101116194330.0
2023-10-24,ATW,ATW,467.1,467.05,470.0,467.0,64495.0,30193322.7,59,100481528854.95
2023-10-25,ATW,ATW,467.05,466.1,469.0,466.0,17951.0,8382045.2,26,100277145057.9
2023-10-26,ATW,ATW,466.0,465.0,468.65,465.0,16434.0,7646380.15,31,100040490135.0
2023-10-27,ATW,ATW,461.0,463.0,463.0,461.0,24343.0,11265119.95,40,99610208457.0
2023-10-30,ATW,ATW,455.3,453.0,458.0,452.15,4672.0,2116000.0,37,97458800067.0
2023-10-31,ATW,ATW,452.1,464.15,464.15,452.1,37666.0,17274502.65,38,99857620421.85
2023-11-01,ATW,ATW,454.25,465.0,465.0,452.0,3265.0,1499577.65,42,100040490135.0
2023-11-02,ATW,ATW,456.0,461.1,464.0,455.05,10970.0,5051099.6,36,99201440862.9
2023-11-03,ATW,ATW,457.1,460.0,465.0,455.15,9458.0,4347074.45,30,98964785940.0
2023-11-07,ATW,ATW,457.1,463.0,463.0,457.1,526.0,243075.0,14,99610208457.0
2023-11-08,ATW,ATW,463.0,463.0,463.0,460.05,9399.0,4348922.6,21,99610208457.0
2023-11-09,ATW,ATW,456.15,460.0,462.0,456.15,51279.0,23591475.05,17,98964785940.0
2023-11-10,ATW,ATW,457.5,458.0,459.0,457.35,97980.0,44874354.5,48,98534504262.0
2023-11-13,ATW,ATW,456.1,458.35,458.35,455.25,4408.0,2011696.9,28,98609803555.65
2023-11-14,ATW,ATW,456.0,460.0,460.0,456.0,6277.0,2875084.1,41,98964785940.0
2023-11-15,ATW,ATW,456.1,460.0,460.0,456.1,12875.0,5919084.35,20,98964785940.0
2023-11-16,ATW,ATW,456.3,465.0,465.0,456.3,3060.0,1420242.3,22,100040490135.0
2023-11-17,ATW,ATW,460.05,467.0,467.0,460.05,16343.0,7546649.8,37,100470771813.0
2023-11-20,ATW,ATW,468.0,470.0,470.0,468.0,49050.0,22994095.45,92,101116194330.0
2023-11-21,ATW,ATW,470.0,470.0,472.0,470.0,1426843.0,671397434.5,48,101116194330.0
2023-11-22,ATW,ATW,469.25,469.15,472.0,469.15,29387.0,13824153.25,55,100933324616.85
2023-11-23,ATW,ATW,464.0,466.0,470.0,464.0,7542.0,3525953.35,46,100255630974.0
2023-11-24,ATW,ATW,463.1,467.3,469.8,463.1,59742.0,27899196.7,26,100535314064.7
2023-11-27,ATW,ATW,459.0,460.0,465.0,459.0,27378.0,12685508.3,41,98964785940.0
2023-11-28,ATW,ATW,457.0,457.35,460.0,456.2,118100.0,53991145.3,81,98394662716.65
2023-11-29,ATW,ATW,460.05,459.05,463.0,458.0,88934.0,40775065.85,51,98760402142.95
2023-11-30,ATW,ATW,459.9,458.0,459.9,456.05,96369.0,44124413.75,57,98534504262.0
2023-12-01,ATW,ATW,456.5,458.0,460.9,456.0,160145.0,73674717.2,36,98534504262.0
2023-12-04,ATW,ATW,462.0,455.8,462.0,455.5,15701.0,7197287.05,20,98061194416.2
2023-12-05,ATW,ATW,450.05,458.0,460.0,450.0,41102.0,18826147.5,35,98534504262.0
2023-12-06,ATW,ATW,459.0,458.0,461.0,450.0,113659.0,52100388.95,71,98534504262.0
2023-12-07,ATW,ATW,459.0,461.0,461.0,455.0,59034.0,27052781.4,40,99179926779.0
2023-12-08,ATW,ATW,457.05,462.35,462.35,457.05,50900.0,23447849.05,56,99470366911.65
2023-12-11,ATW,ATW,458.2,461.05,461.05,458.2,38309.0,17642299.1,37,99190683820.95
2023-12-12,ATW,ATW,460.15,463.0,463.0,460.15,20806.0,9594718.3,23,99610208457.0
2023-12-13,ATW,ATW,463.0,468.15,468.15,463.0,34368.0,16025817.55,46,100718183777.85
2023-12-14,ATW,ATW,464.05,469.85,469.85,464.05,46318.0,21601431.0,53,101083923204.15
2023-12-15,ATW,ATW,466.0,467.0,468.15,466.0,48420.0,22597960.7,53,100470771813.0
2023-12-18,ATW,ATW,469.0,470.0,470.0,466.0,11797.0,5535271.55,77,101116194330.0
2023-12-19,ATW,ATW,468.05,470.0,470.0,463.05,22876.0,10741713.0,73,101116194330.0
2023-12-20,ATW,ATW,467.55,469.5,470.05,465.45,238171.0,111743426.8,75,101008623910.5
2023-12-21,ATW,ATW,467.5,468.0,469.0,467.5,32466.0,15193446.0,39,100685912652.0
2023-12-22,ATW,ATW,468.0,468.0,469.5,465.6,62780.0,29382389.4,51,100685912652.0
2023-12-25,ATW,ATW,466.0,468.0,469.5,465.55,5326.0,2489012.6,25,100685912652.0
2023-12-26,ATW,ATW,466.5,464.0,469.0,464.0,72983.0,34025577.55,44,99825349296.0
2023-12-27,ATW,ATW,460.0,462.0,464.0,460.0,43614.0,20095544.7,377,99395067618.0
2023-12-28,ATW,ATW,462.0,464.0,464.5,462.0,34697.0,16073865.15,210,99825349296.0
2023-12-29,ATW,ATW,464.15,460.0,466.0,460.0,125885.0,57994850.15,189,98964785940.0
2024-01-02,ATW,ATW,460.2,462.5,462.5,460.0,23190.0,10678888.2,83,99502638037.5
2024-01-03,ATW,ATW,461.45,465.2,465.2,460.15,24371.0,11294790.6,136,100083518302.8
2024-01-04,ATW,ATW,464.0,467.6,467.6,463.7,14385.0,6701485.85,113,100599856316.4
2024-01-05,ATW,ATW,465.6,470.0,471.0,465.6,41737.0,19571190.5,243,101116194330.0
2024-01-08,ATW,ATW,466.6,470.0,471.0,466.6,21752.0,10203296.95,160,101116194330.0
2024-01-09,ATW,ATW,469.75,475.1,475.1,468.7,150673.0,71385015.8,287,102213412608.9
2024-01-10,ATW,ATW,473.35,476.0,476.0,473.35,74011.0,35190443.6,167,102407039364.0
2024-01-12,ATW,ATW,477.0,480.0,480.0,477.0,65235.0,31252647.65,280,103267602720.0
2024-01-15,ATW,ATW,476.05,476.25,479.5,476.05,9222.0,4393771.35,68,102460824573.75
2024-01-16,ATW,ATW,476.55,478.0,478.0,476.05,40215.0,19186141.9,152,102837321042.0
2024-01-17,ATW,ATW,478.0,481.2,484.75,476.65,87793.0,42169855.0,251,103525771726.8
2024-01-18,ATW,ATW,481.05,486.0,487.0,480.0,114452.0,55563576.4,217,104558447754.0
2024-01-19,ATW,ATW,485.0,486.55,489.0,484.0,39050.0,18986976.7,120,104676775215.45
2024-01-22,ATW,ATW,486.15,485.05,486.95,484.55,13230.0,6425841.35,75,104354063956.95
2024-01-23,ATW,ATW,485.0,485.1,485.5,485.0,40312.0,19555365.8,83,104364820998.9
2024-01-24,ATW,ATW,484.05,485.0,486.0,484.05,21894.0,10614372.4,94,104343306915.0
2024-01-25,ATW,ATW,483.75,485.0,485.0,483.75,26664.0,12909978.5,78,104343306915.0
2024-01-26,ATW,ATW,480.15,484.0,484.0,480.15,47882.0,23042481.0,68,104128166076.0
2024-01-29,ATW,ATW,481.0,480.5,483.0,480.5,54057.0,26021584.75,87,103375173139.5
2024-01-30,ATW,ATW,478.3,482.0,482.5,478.3,67735.0,32619015.5,82,103697884398.0
2024-01-31,ATW,ATW,482.0,485.0,485.0,482.0,23689.0,11462156.2,95,104343306915.0
2024-02-01,ATW,ATW,483.5,485.0,485.0,483.5,26879.0,13019581.35,74,104343306915.0
2024-02-02,ATW,ATW,484.2,485.0,485.5,484.2,34130.0,16550433.95,73,104343306915.0
2024-02-05,ATW,ATW,483.65,487.0,487.0,483.65,23696.0,11505105.85,81,104773588593.0
2024-02-06,ATW,ATW,487.0,494.0,494.0,487.0,103343.0,50636940.65,226,106279574466.0
2024-02-07,ATW,ATW,491.25,492.6,495.0,491.25,43232.0,21321224.85,152,105978377291.4
2024-02-08,ATW,ATW,491.7,500.0,502.0,491.7,220085.0,109612484.5,270,107570419500.0
2024-02-09,ATW,ATW,500.0,504.5,504.5,500.0,155420.0,78080199.2,325,108538553275.5
2024-02-12,ATW,ATW,504.5,502.0,505.0,500.4,81290.0,40847026.3,160,108000701178.0
2024-02-13,ATW,ATW,502.1,503.6,503.6,502.1,46424.0,23347723.8,126,108344926520.4
2024-02-14,ATW,ATW,504.0,504.3,506.0,504.0,72690.0,36660497.5,188,108495525107.7
2024-02-15,ATW,ATW,503.1,503.1,504.9,503.1,13888.0,6993050.0,61,108237356100.9
2024-02-16,ATW,ATW,500.2,505.0,505.0,500.2,31845.0,16030591.5,100,108646123695.0
2024-02-19,ATW,ATW,505.0,507.0,507.0,505.0,36297.0,18356493.7,114,109076405373.0
2024-02-20,ATW,ATW,506.0,507.0,507.0,506.0,22381.0,11333020.1,80,109076405373.0
2024-02-21,ATW,ATW,508.0,510.4,514.9,508.0,81696.0,41661079.7,198,109807884225.6
2024-02-22,ATW,ATW,513.0,512.0,513.0,511.0,24707.0,12642383.7,79,110152109568.0
2024-02-23,ATW,ATW,513.0,514.9,514.9,510.8,50948.0,26134445.6,102,110776018001.1
2024-02-26,ATW,ATW,513.3,515.0,515.0,513.2,67341.0,34636528.2,86,110797532085.0
2024-02-27,ATW,ATW,514.1,514.5,515.0,514.0,21922.0,11276066.3,56,110689961665.5
2024-02-28,ATW,ATW,515.0,514.5,520.0,514.5,61717.0,31872611.8,172,110689961665.5
2024-02-29,ATW,ATW,511.5,505.0,515.0,505.0,483833.0,247111572.5,114,108646123695.0
2024-03-01,ATW,ATW,508.0,504.5,512.9,502.5,42174.0,21314695.3,94,108538553275.5
2024-03-04,ATW,ATW,502.3,500.0,503.0,497.2,5168.0,2585245.1,50,107570419500.0
2024-03-05,ATW,ATW,500.0,500.0,503.0,496.0,35983.0,18024504.9,87,107570419500.0
2024-03-06,ATW,ATW,497.15,497.0,500.0,495.1,28113.0,14005268.15,75,106924996983.0
2024-03-07,ATW,ATW,497.0,492.4,497.0,492.0,10317.0,5091683.05,50,105935349123.6
2024-03-08,ATW,ATW,492.2,495.0,495.0,492.2,28510.0,14098472.05,48,106494715305.0
2024-03-11,ATW,ATW,495.1,492.0,495.1,490.0,8214.0,4038011.9,67,105849292788.0
2024-03-12,ATW,ATW,492.0,493.0,495.0,492.0,7267.0,3576427.4,28,106064433627.0
2024-03-13,ATW,ATW,493.1,501.1,501.1,493.1,44661.0,22246187.9,65,107807074422.9
2024-03-14,ATW,ATW,501.3,507.0,507.9,501.3,30215.0,15251286.3,50,109076405373.0
2024-03-15,ATW,ATW,508.8,514.0,514.0,507.2,39442.0,20152335.5,106,110582391246.0
2024-03-18,ATW,ATW,506.6,510.0,514.0,506.6,80941.0,41434252.5,83,109721827890.0
2024-03-19,ATW,ATW,507.6,507.0,509.0,495.1,38276.0,19388702.8,45,109076405373.0
2024-03-20,ATW,ATW,503.0,503.6,506.9,503.0,2526.0,1271265.2,26,108344926520.4
2024-03-21,ATW,ATW,503.5,504.6,507.0,503.5,5038.0,2540952.9,22,108560067359.4
2024-03-22,ATW,ATW,504.1,504.7,505.5,504.1,30239.0,15272520.3,33,108581581443.3
2024-03-25,ATW,ATW,504.0,502.0,505.0,500.2,8460.0,4243787.0,29,108000701178.0
2024-03-26,ATW,ATW,502.5,503.5,503.5,502.0,5744.0,2887008.9,26,108323412436.5
2024-03-27,ATW,ATW,502.3,506.9,507.0,502.3,44583.0,22560369.1,38,109054891289.1
2024-03-28,ATW,ATW,504.0,508.0,508.0,504.0,8613.0,4367819.3,27,109291546212.0
2024-03-29,ATW,ATW,504.1,507.9,507.9,504.1,34590.0,17534991.9,34,109270032128.1
2024-04-01,ATW,ATW,505.0,504.0,507.0,504.0,22297.0,11267658.8,42,108430982856.0
2024-04-02,ATW,ATW,505.0,504.1,505.0,501.2,17203.0,8654014.7,34,108452496939.9
2024-04-03,ATW,ATW,504.1,507.4,509.9,504.0,28285.0,14343845.7,75,109162461708.6
2024-04-04,ATW,ATW,505.0,507.0,507.0,504.1,9880.0,5004811.8,23,109076405373.0
2024-04-05,ATW,ATW,504.1,505.0,507.0,504.1,18723.0,9454576.9,25,108646123695.0
2024-04-08,ATW,ATW,505.0,507.0,509.0,505.0,20318.0,10267203.9,61,109076405373.0
2024-04-09,ATW,ATW,507.0,509.0,512.0,505.0,48618.0,24729194.5,91,109506687051.0
2024-04-15,ATW,ATW,509.0,505.7,509.0,505.0,39972.0,20223554.5,62,108796722282.3
2024-04-16,ATW,ATW,505.7,505.1,507.0,505.0,22626.0,11442865.5,81,108667637778.9
2024-04-17,ATW,ATW,505.0,506.1,506.1,505.0,24618.0,12442474.2,55,108882778617.9
2024-04-18,ATW,ATW,506.0,506.0,509.4,504.0,103804.0,52581367.9,76,108861264534.0
2024-04-19,ATW,ATW,505.0,505.0,506.0,504.0,46465.0,23492183.0,37,108646123695.0
2024-04-22,ATW,ATW,505.0,504.0,505.0,504.0,30530.0,15411898.3,48,108430982856.0
2024-04-23,ATW,ATW,503.1,500.6,503.1,500.0,59647.0,29863472.4,65,107699504003.4
2024-04-24,ATW,ATW,500.0,502.0,502.9,497.0,10984.0,5501802.3,43,108000701178.0
2024-04-25,ATW,ATW,503.9,503.0,503.9,498.1,27183.0,13645893.7,30,108215842017.0
2024-04-26,ATW,ATW,504.0,505.0,507.0,497.0,95963.0,48414795.85,49,108646123695.0
2024-04-29,ATW,ATW,507.0,502.0,507.0,498.6,8822.0,4428773.8,26,108000701178.0
2024-04-30,ATW,ATW,499.4,501.6,505.0,499.4,99096.0,49804251.6,47,107914644842.4
2024-05-02,ATW,ATW,504.9,501.9,504.9,501.7,30003.0,15058571.2,35,107979187094.1
2024-05-03,ATW,ATW,505.0,508.9,508.9,501.1,21936.0,11157341.9,28,109485172967.1
2024-05-06,ATW,ATW,503.0,505.0,508.0,503.0,8812.0,4448310.6,21,108646123695.0
2024-05-07,ATW,ATW,502.0,509.6,509.6,502.0,57266.0,29071166.2,56,109635771554.4
2024-05-08,ATW,ATW,510.0,512.1,513.0,510.0,58393.0,29887604.1,67,110173623651.9
2024-05-09,ATW,ATW,510.2,517.7,519.0,510.2,29298.0,15057714.6,95,111378412350.3
2024-05-10,ATW,ATW,517.4,513.0,519.9,513.0,30351.0,15653469.2,100,110367250407.0
2024-05-13,ATW,ATW,515.0,513.8,515.0,513.0,27782.0,14263143.6,23,110539363078.2
2024-05-14,ATW,ATW,513.8,513.0,514.0,508.2,24775.0,12696844.7,29,110367250407.0
2024-05-15,ATW,ATW,510.2,510.0,510.6,510.0,55645.0,28405407.4,23,109721827890.0
2024-05-16,ATW,ATW,508.3,508.4,512.0,508.2,43970.0,22415467.8,42,109377602547.6
2024-05-17,ATW,ATW,509.5,508.5,509.5,508.5,15403.0,7832935.3,31,109399116631.5
2024-05-20,ATW,ATW,506.1,507.7,510.0,506.1,46720.0,23735393.3,40,109227003960.3
2024-05-21,ATW,ATW,510.0,507.8,510.0,506.5,77870.0,39534615.2,25,109248518044.2
2024-05-22,ATW,ATW,508.0,514.9,514.9,508.0,70370.0,35940099.8,50,110776018001.1
2024-05-23,ATW,ATW,514.0,510.5,519.0,510.0,5846.0,3003886.0,31,109829398309.5
2024-05-24,ATW,ATW,510.0,508.1,514.0,508.1,25574.0,13031977.7,34,109313060295.9
2024-05-27,ATW,ATW,508.0,506.9,510.0,506.1,21502.0,10904464.5,62,109054891289.1
2024-05-28,ATW,ATW,508.0,514.0,515.0,506.9,69813.0,35460749.9,37,110582391246.0
2024-05-29,ATW,ATW,507.1,515.5,522.0,507.1,159392.0,82432992.1,126,110905102504.5
2024-05-30,ATW,ATW,519.0,512.0,519.0,512.0,17024.0,8736517.0,46,110152109568.0
2024-05-31,ATW,ATW,513.0,515.0,516.9,510.0,125540.0,64570497.2,60,110797532085.0
2024-06-03,ATW,ATW,511.0,515.0,518.0,511.0,54358.0,27982678.6,55,110797532085.0
2024-06-04,ATW,ATW,516.0,512.0,516.0,512.0,96995.0,49794524.0,68,110152109568.0
2024-06-05,ATW,ATW,510.0,511.0,512.0,509.0,24287.0,12409227.0,22,109936968729.0
2024-06-06,ATW,ATW,511.0,512.2,512.2,510.0,18581.0,9505589.9,37,110195137735.8
2024-06-07,ATW,ATW,515.0,511.1,515.0,508.1,36412.0,18660498.2,40,109958482812.9
2024-06-10,ATW,ATW,515.0,509.0,515.0,508.2,41778.0,21290268.8,40,109506687051.0
2024-06-11,ATW,ATW,509.0,509.0,515.0,508.3,29777.0,15157166.4,38,109506687051.0
2024-06-12,ATW,ATW,510.0,508.5,510.0,508.0,14598.0,7443771.6,28,109399116631.5
2024-06-13,ATW,ATW,508.5,508.9,509.5,508.0,40059.0,20401952.8,52,109485172967.1
2024-06-14,ATW,ATW,508.9,509.0,510.0,508.3,47520.0,24213934.4,36,109506687051.0
2024-06-19,ATW,ATW,510.0,509.2,512.0,508.7,32886.0,16762079.2,40,109549715218.8
2024-06-20,ATW,ATW,509.1,509.2,509.2,508.3,55353.0,28185375.2,51,109549715218.8
2024-06-21,ATW,ATW,508.3,510.0,510.0,508.3,14452.0,7368454.8,14,109721827890.0
2024-06-24,ATW,ATW,508.5,510.0,510.0,508.5,32813.0,16734497.0,33,109721827890.0
2024-06-25,ATW,ATW,509.0,518.2,526.0,508.3,60302.0,31278136.7,103,111485982769.8
2024-06-26,ATW,ATW,519.0,518.0,519.0,515.0,23607.0,12225998.4,29,111442954602.0
2024-06-27,ATW,ATW,515.0,515.0,516.0,511.3,11904.0,6129800.1,21,110797532085.0
2024-06-28,ATW,ATW,514.9,515.5,515.5,512.0,21849.0,11250272.1,34,110905102504.5
2024-07-01,ATW,ATW,511.5,515.0,515.5,511.5,16252.0,8351606.0,31,110797532085.0
2024-07-02,ATW,ATW,513.0,513.0,514.0,512.0,20325.0,10426260.4,41,110367250407.0
2024-07-03,ATW,ATW,511.1,515.1,515.1,511.1,33713.0,17331354.1,46,110819046168.9
2024-07-04,ATW,ATW,512.2,524.0,525.0,512.2,46526.0,24341660.1,63,112733799636.0
2024-07-05,ATW,ATW,518.0,525.1,525.1,518.0,50678.0,26402602.8,70,112970454558.9
2024-07-08,ATW,ATW,521.0,526.0,526.0,520.4,4901.0,2560202.2,34,113164081314.0
2024-07-09,ATW,ATW,530.0,532.0,532.0,526.0,29017.0,15363985.3,52,114454926348.0
2024-07-10,ATW,ATW,525.4,512.1,525.4,511.1,50691.0,26130884.5,60,110173623651.9
2024-07-11,ATW,ATW,517.5,513.0,517.6,510.0,10213.0,5239415.4,29,110367250407.0
2024-07-12,ATW,ATW,506.0,519.7,519.7,506.0,40153.0,20701258.0,64,111808694028.3
2024-07-15,ATW,ATW,511.0,515.0,519.0,510.2,2613.0,1342630.5,18,110797532085.0
2024-07-16,ATW,ATW,513.1,515.0,518.0,513.1,29814.0,15349393.4,34,110797532085.0
2024-07-17,ATW,ATW,515.0,523.0,523.0,515.0,191166.0,99200854.6,75,112518658797.0
2024-07-18,ATW,ATW,515.0,523.1,527.0,515.0,10686.0,5588452.9,45,112540172880.9
2024-07-19,ATW,ATW,521.0,527.8,530.0,521.0,54903.0,28842259.2,73,113551334824.2
2024-07-22,ATW,ATW,523.0,520.2,526.0,520.1,6789.0,3535905.0,47,111916264447.8
2024-07-23,ATW,ATW,520.0,520.5,525.0,519.2,17502.0,9111609.6,84,111980806699.5
2024-07-24,ATW,ATW,521.2,523.0,528.0,520.0,31225.0,16404693.1,51,112518658797.0
2024-07-25,ATW,ATW,520.5,529.0,529.0,505.0,49135.0,25812522.9,95,113809503831.0
2024-07-26,ATW,ATW,530.0,540.0,543.0,530.0,127055.0,68496854.4,193,116176053060.0
2024-07-29,ATW,ATW,545.0,555.0,555.0,540.0,24093.0,13233023.0,119,119403165645.0
2024-07-31,ATW,ATW,554.0,555.0,575.0,551.3,38036.0,21161065.5,113,119403165645.0
2024-08-01,ATW,ATW,546.1,554.0,555.0,546.0,14130.0,7774672.6,50,119188024806.0
2024-08-02,ATW,ATW,547.0,554.1,557.0,546.0,117724.0,65110561.4,62,119209538889.9
2024-08-05,ATW,ATW,547.6,535.5,553.0,532.0,72103.0,38812461.4,130,115207919284.5
2024-08-06,ATW,ATW,534.2,545.0,545.0,534.2,63652.0,34440775.4,73,117251757255.0
2024-08-07,ATW,ATW,545.0,541.1,545.0,540.1,21997.0,11899492.4,53,116412707982.9
2024-08-08,ATW,ATW,541.2,537.0,542.0,537.0,18470.0,9992885.3,31,115530630543.0
2024-08-09,ATW,ATW,537.1,541.0,541.5,537.1,36241.0,19550061.8,38,116391193899.0
2024-08-12,ATW,ATW,538.0,540.0,546.0,538.0,19305.0,10422427.9,46,116176053060.0
2024-08-13,ATW,ATW,538.5,540.0,543.0,538.3,24191.0,13072118.1,37,116176053060.0
2024-08-15,ATW,ATW,539.0,544.4,544.4,538.1,21212.0,11471403.4,29,117122672751.6
2024-08-16,ATW,ATW,539.2,541.4,544.9,539.2,20377.0,11029191.7,40,116477250234.6
2024-08-19,ATW,ATW,548.0,543.2,548.0,542.0,23110.0,12536447.2,36,116864503744.8
2024-08-22,ATW,ATW,543.2,543.3,548.0,543.2,25943.0,14123876.3,48,116886017828.7
2024-08-23,ATW,ATW,544.0,544.0,547.0,544.0,19169.0,10432637.4,47,117036616416.0
2024-08-26,ATW,ATW,543.0,541.6,546.9,541.6,6754.0,3660984.2,58,116520278402.4
2024-08-27,ATW,ATW,540.4,535.0,544.0,535.0,77829.0,41947277.7,128,115100348865.0
2024-08-28,ATW,ATW,541.9,535.0,541.9,535.0,27050.0,14487542.3,62,115100348865.0
2024-08-29,ATW,ATW,537.0,537.0,539.9,537.0,428185.0,230295052.9,97,115530630543.0
2024-08-30,ATW,ATW,537.0,544.8,545.0,537.0,59305.0,32257859.8,83,117208729087.2
2024-09-02,ATW,ATW,544.9,540.0,544.9,537.0,15525.0,8382973.5,43,116176053060.0
2024-09-03,ATW,ATW,539.0,538.0,544.8,537.6,55365.0,29829292.5,57,115745771382.0
2024-09-04,ATW,ATW,541.0,535.5,541.0,535.0,4316.0,2312586.0,49,115207919284.5
2024-09-05,ATW,ATW,535.0,536.1,540.0,534.2,39702.0,21314794.8,54,115337003787.9
2024-09-06,ATW,ATW,539.7,538.2,541.0,535.1,44936.0,24186637.3,56,115788799549.8
2024-09-09,ATW,ATW,538.0,536.9,539.9,535.1,13911.0,7468011.8,71,115509116459.1
2024-09-10,ATW,ATW,535.3,536.0,538.8,535.3,30530.0,16363641.3,36,115315489704.0
2024-09-11,ATW,ATW,536.9,534.0,536.9,531.0,43902.0,23443741.0,54,114885208026.0
2024-09-12,ATW,ATW,538.0,534.0,538.0,532.6,24413.0,13036684.5,46,114885208026.0
2024-09-13,ATW,ATW,533.6,539.5,539.5,532.4,74471.0,40039170.7,52,116068482640.5
2024-09-18,ATW,ATW,539.0,540.2,540.2,535.1,50120.0,27037368.1,50,116219081227.8
2024-09-19,ATW,ATW,545.0,549.5,550.0,545.0,97885.0,53444387.8,99,118219891030.5
2024-09-20,ATW,ATW,553.0,549.7,554.9,547.0,51560.0,28356446.3,48,118262919198.3
2024-09-23,ATW,ATW,546.1,549.7,550.0,546.1,19806.0,10875600.7,46,118262919198.3
2024-09-24,ATW,ATW,555.0,546.9,564.9,546.0,181993.0,100631931.7,200,117660524849.1
2024-09-25,ATW,ATW,547.0,550.0,558.9,547.0,218367.0,120119820.7,85,118327461450.0
2024-09-26,ATW,ATW,548.0,550.0,550.0,546.0,25732.0,14129612.8,60,118327461450.0
2024-09-27,ATW,ATW,546.0,555.0,555.0,545.2,154888.0,85483912.5,90,119403165645.0
2024-09-30,ATW,ATW,548.0,543.0,555.0,542.1,34251.0,18651497.2,86,116821475577.0
2024-10-01,ATW,ATW,550.0,544.0,550.0,541.0,37648.0,20483765.1,38,117036616416.0
2024-10-02,ATW,ATW,544.0,537.0,544.0,535.0,91001.0,49031240.6,78,115530630543.0
2024-10-03,ATW,ATW,533.2,537.0,540.0,533.2,29077.0,15636557.6,49,115530630543.0
2024-10-04,ATW,ATW,537.0,538.0,540.0,536.1,20196.0,10847353.5,39,115745771382.0
2024-10-07,ATW,ATW,538.0,530.0,539.0,530.0,45790.0,24442357.8,56,114024644670.0
2024-10-08,ATW,ATW,531.0,525.0,531.0,524.0,70663.0,37111755.7,120,112948940475.0
2024-10-09,ATW,ATW,525.0,540.0,540.0,525.0,31011.0,16594298.3,67,116176053060.0
2024-10-10,ATW,ATW,532.8,535.0,540.0,532.8,9289.0,4968397.6,36,115100348865.0
2024-10-11,ATW,ATW,533.0,538.0,538.0,533.0,62083.0,33256287.5,35,115745771382.0
2024-10-14,ATW,ATW,538.0,535.0,538.0,531.0,4389.0,2348327.0,27,115100348865.0
2024-10-15,ATW,ATW,534.0,536.0,538.0,534.0,30309.0,16191518.3,68,115315489704.0
2024-10-16,ATW,ATW,534.0,533.0,536.9,530.3,36240.0,19324632.2,69,114670067187.0
2024-10-17,ATW,ATW,534.0,539.9,543.0,534.0,18705.0,10056213.1,59,116154538976.1
2024-10-18,ATW,ATW,543.0,538.0,543.0,530.1,17441.0,9402581.4,49,115745771382.0
2024-10-21,ATW,ATW,534.0,538.0,538.0,534.0,6056.0,3253036.5,20,115745771382.0
2024-10-22,ATW,ATW,534.1,538.9,539.0,534.1,658.0,352559.6,18,115939398137.1
2024-10-23,ATW,ATW,535.0,536.0,538.8,534.0,16924.0,9072589.2,44,115315489704.0
2024-10-24,ATW,ATW,543.9,540.0,543.9,538.0,38066.0,20563420.9,31,116176053060.0
2024-10-25,ATW,ATW,539.0,545.0,545.0,539.0,104034.0,56649033.2,47,117251757255.0
2024-10-28,ATW,ATW,545.0,545.0,547.5,538.0,84831.0,45971106.9,49,117251757255.0
2024-10-29,ATW,ATW,540.1,545.0,545.0,540.1,16655.0,9059629.0,41,117251757255.0
2024-10-30,ATW,ATW,541.0,542.1,548.0,541.0,6145.0,3341093.1,26,116627848821.9
2024-10-31,ATW,ATW,541.0,541.1,542.1,539.0,36748.0,19879227.9,30,116412707982.9
2024-11-01,ATW,ATW,544.0,549.9,549.9,540.1,59215.0,32373387.1,71,118305947366.1
2024-11-04,ATW,ATW,548.0,548.0,548.0,541.0,16041.0,8766801.9,69,117897179772.0
2024-11-05,ATW,ATW,547.9,546.8,548.0,541.3,17206.0,9400928.8,44,117639010765.2
2024-11-07,ATW,ATW,548.0,565.0,570.0,547.5,73812.0,41419473.1,166,121554574035.0
2024-11-08,ATW,ATW,565.0,570.1,570.1,565.0,144277.0,81920317.7,159,122651792313.9
2024-11-11,ATW,ATW,570.0,570.0,571.9,566.0,46543.0,26473104.7,82,122630278230.0
2024-11-12,ATW,ATW,567.1,570.0,574.0,567.1,34538.0,19700727.5,94,122630278230.0
2024-11-13,ATW,ATW,571.0,568.1,571.0,567.1,13299.0,7573428.4,33,122221510635.9
2024-11-14,ATW,ATW,569.9,569.7,569.9,565.0,26187.0,14896191.7,38,122565735978.3
2024-11-15,ATW,ATW,567.2,578.0,578.0,567.2,76278.0,43665328.2,115,124351404942.0
2024-11-19,ATW,ATW,579.0,584.0,590.0,578.0,66628.0,38784900.2,101,125642249976.0
2024-11-20,ATW,ATW,584.0,580.0,584.0,577.0,54251.0,31489675.8,74,124781686620.0
2024-11-21,ATW,ATW,580.0,575.5,580.0,575.1,25606.0,14795729.0,67,123813552844.5
2024-11-22,ATW,ATW,575.0,575.0,576.5,571.0,14162.0,8121729.7,56,123705982425.0
2024-11-25,ATW,ATW,572.0,561.0,572.1,561.0,51485.0,28947250.7,102,120694010679.0
2024-11-26,ATW,ATW,562.1,570.0,575.0,560.6,13370.0,7576516.8,60,122630278230.0
2024-11-27,ATW,ATW,565.0,575.0,575.0,565.0,62036.0,35507388.9,80,123705982425.0
2024-11-28,ATW,ATW,575.0,573.1,580.0,565.0,17483.0,10041445.4,42,123297214830.9
2024-11-29,ATW,ATW,571.0,574.0,578.0,570.6,29860.0,17135500.0,50,123490841586.0
2024-12-02,ATW,ATW,576.0,570.0,576.0,570.0,11787.0,6752969.2,34,122630278230.0
2024-12-03,ATW,ATW,565.1,568.9,570.0,563.0,3540.0,2010900.1,35,122393623307.1
2024-12-04,ATW,ATW,572.0,567.0,572.0,562.3,10912.0,6189520.6,26,121984855713.0
2024-12-05,ATW,ATW,564.0,600.0,600.0,564.0,51786.0,30418262.9,88,129084503400.0
2024-12-06,ATW,ATW,580.0,575.0,594.4,575.0,37317.0,21489658.9,87,123705982425.0
2024-12-09,ATW,ATW,572.5,579.8,584.0,572.5,15376.0,8892236.0,47,124738658452.2
2024-12-10,ATW,ATW,575.0,566.0,583.0,565.0,4244.0,2418957.0,36,121769714874.0
2024-12-11,ATW,ATW,570.0,573.3,577.9,566.3,8505.0,4894703.0,34,123340242998.7
2024-12-12,ATW,ATW,569.0,572.0,579.5,568.0,27735.0,15880394.3,61,123060559908.0
2024-12-13,ATW,ATW,573.0,571.8,579.0,567.3,53358.0,30486481.8,82,123017531740.2
2024-12-16,ATW,ATW,568.0,572.5,579.4,568.0,1069.0,611567.8,31,123168130327.5
2024-12-17,ATW,ATW,573.0,575.0,585.0,571.5,165127.0,94804710.0,132,123705982425.0
2024-12-18,ATW,ATW,578.0,571.6,578.0,571.6,13465.0,7705333.8,40,122974503572.4
2024-12-19,ATW,ATW,572.0,571.5,577.9,571.5,29254.0,16726673.7,34,122952989488.5
2024-12-20,ATW,ATW,571.1,574.0,575.0,567.0,89430.0,51091564.1,72,123490841586.0
2024-12-23,ATW,ATW,565.6,574.0,575.0,565.6,172152.0,98811014.6,48,123490841586.0
2024-12-24,ATW,ATW,570.0,570.0,575.0,566.1,11007.0,6271722.8,48,122630278230.0
2024-12-25,ATW,ATW,575.0,569.5,575.0,565.0,25665.0,14622034.2,50,122522707810.5
2024-12-26,ATW,ATW,565.7,570.0,573.0,565.7,556229.0,317050075.4,51,122630278230.0
2024-12-27,ATW,ATW,567.5,566.0,569.0,565.0,102909.0,58285956.7,561,121769714874.0
2024-12-30,ATW,ATW,560.0,566.0,566.0,560.0,106307.0,59984609.3,337,121769714874.0
2024-12-31,ATW,ATW,564.5,569.0,571.5,564.5,59239.0,33645935.6,331,122415137391.0
2025-01-02,ATW,ATW,571.0,583.0,590.0,571.0,98594.0,57277998.6,298,125427109137.0
2025-01-03,ATW,ATW,585.0,608.9,610.1,584.0,344256.0,206742077.6,734,130999256867.1
2025-01-06,ATW,ATW,602.0,605.0,620.0,602.0,126591.0,77391960.7,296,130160207595.0
2025-01-07,ATW,ATW,603.4,606.1,610.0,603.4,117842.0,71504538.2,180,130396862517.9
2025-01-08,ATW,ATW,606.0,614.2,620.0,606.0,74712.0,45939061.8,291,132139503313.8
2025-01-09,ATW,ATW,614.0,621.8,634.0,614.0,147990.0,92079739.4,282,133774573690.2
2025-01-10,ATW,ATW,620.0,620.0,633.0,620.0,219365.0,137794770.8,272,133387320180.0
2025-01-13,ATW,ATW,620.0,620.0,629.0,607.0,17323.0,10726845.5,76,133387320180.0
2025-01-15,ATW,ATW,630.0,627.5,630.0,623.2,107790.0,67666793.9,125,135000876472.5
2025-01-16,ATW,ATW,630.0,624.7,630.0,620.1,38872.0,24401765.9,159,134398482123.3
2025-01-17,ATW,ATW,625.0,621.0,627.0,620.4,47471.0,29492602.4,133,133602461019.0
2025-01-20,ATW,ATW,620.1,622.1,625.0,620.1,16422.0,10214501.6,71,133839115941.9
2025-01-21,ATW,ATW,622.1,613.8,624.0,613.8,75461.0,46662070.1,154,132053446978.2
2025-01-22,ATW,ATW,613.0,613.0,617.8,610.0,139980.0,85437863.8,103,131881334307.0
2025-01-23,ATW,ATW,610.5,612.6,615.0,610.5,94368.0,57705065.7,103,131795277971.4
2025-01-24,ATW,ATW,612.1,615.0,620.0,612.0,99238.0,60972515.2,143,132311615985.0
2025-01-27,ATW,ATW,612.1,614.9,619.0,612.1,18789.0,11545073.7,81,132290101901.1
2025-01-28,ATW,ATW,612.5,617.1,619.5,612.5,19329.0,11903352.5,99,132763411746.9
2025-01-29,ATW,ATW,616.0,629.9,629.9,616.0,86131.0,54039101.1,128,135517214486.1
2025-01-30,ATW,ATW,629.0,636.0,650.0,626.0,99982.0,63625409.0,202,136829573604.0
2025-01-31,ATW,ATW,635.0,631.0,640.0,625.0,82922.0,52411577.2,133,135753869409.0
2025-02-03,ATW,ATW,630.0,623.8,630.0,623.8,9494.0,5930667.8,83,134204855368.2
2025-02-04,ATW,ATW,624.1,622.1,629.0,622.1,41477.0,25883973.2,122,133839115941.9
2025-02-05,ATW,ATW,621.5,625.0,627.9,621.5,21304.0,13289548.9,106,134463024375.0
2025-02-06,ATW,ATW,623.0,630.1,630.1,623.0,21821.0,13686914.6,78,135560242653.9
2025-02-07,ATW,ATW,622.5,628.5,630.0,622.5,106385.0,66581377.2,136,135216017311.5
2025-02-10,ATW,ATW,627.0,630.0,630.0,623.1,9789.0,6139087.3,63,135538728570.0
2025-02-11,ATW,ATW,624.4,626.0,634.0,624.4,89897.0,56731810.2,87,134678165214.0
2025-02-12,ATW,ATW,630.0,640.0,641.0,630.0,101729.0,64975704.6,158,137690136960.0
2025-02-13,ATW,ATW,634.0,638.0,644.0,634.0,57437.0,36751630.6,97,137259855282.0
2025-02-14,ATW,ATW,638.0,645.0,645.0,636.1,61900.0,39726468.3,106,138765841155.0
2025-02-17,ATW,ATW,641.0,648.1,648.1,641.0,64325.0,41567697.9,118,139432777755.9
2025-02-18,ATW,ATW,646.0,657.0,657.8,646.0,169060.0,110354585.0,221,141347531223.0
2025-02-19,ATW,ATW,655.0,670.0,670.0,655.0,86042.0,57004023.3,150,144144362130.0
2025-02-20,ATW,ATW,666.1,667.5,670.0,666.1,38153.0,25485765.7,121,143606510032.5
2025-02-21,ATW,ATW,669.5,666.0,671.0,666.0,49871.0,33303237.4,130,143283798774.0
2025-02-24,ATW,ATW,665.2,666.0,668.0,660.1,38782.0,25792885.9,99,143283798774.0
2025-02-25,ATW,ATW,666.0,666.0,670.0,661.0,23815.0,15861784.9,63,143283798774.0
2025-02-26,ATW,ATW,675.0,660.0,676.0,660.0,40721.0,27113847.6,168,141992953740.0
2025-02-27,ATW,ATW,668.9,655.0,668.9,651.5,21980.0,14486297.6,142,140917249545.0
2025-02-28,ATW,ATW,663.0,640.1,663.0,640.1,44828.0,28950733.3,131,137711651043.9
2025-03-03,ATW,ATW,641.1,645.0,658.0,641.1,30921.0,19990641.8,55,138765841155.0
2025-03-04,ATW,ATW,640.2,638.0,645.0,638.0,100767.0,64415780.2,159,137259855282.0
2025-03-05,ATW,ATW,635.1,635.0,638.0,632.1,39096.0,24828888.0,97,136614432765.0
2025-03-06,ATW,ATW,635.0,634.0,637.0,631.2,61207.0,38840179.9,77,136399291926.0
2025-03-07,ATW,ATW,634.5,635.0,635.0,632.0,30243.0,19175347.8,62,136614432765.0
2025-03-10,ATW,ATW,635.0,637.1,648.9,635.0,43348.0,27611592.2,63,137066228526.9
2025-03-11,ATW,ATW,640.0,640.0,644.5,640.0,100876.0,64598798.9,141,137690136960.0
2025-03-12,ATW,ATW,643.0,633.0,645.0,630.9,87084.0,55244476.5,176,136184151087.0
2025-03-13,ATW,ATW,633.0,645.0,645.0,633.0,93714.0,59748639.1,92,138765841155.0
2025-03-14,ATW,ATW,645.0,649.0,650.0,645.0,42275.0,27439014.3,103,139626404511.0
2025-03-17,ATW,ATW,649.4,644.1,650.0,644.0,21636.0,13947073.6,84,138572214399.9
2025-03-18,ATW,ATW,645.0,650.1,650.1,643.1,118271.0,76855042.5,115,139863059433.9
2025-03-19,ATW,ATW,660.7,670.1,673.0,660.7,259539.0,173797687.2,187,144165876213.9
2025-03-20,ATW,ATW,671.5,675.0,678.0,671.5,457723.0,307759735.0,155,145220066325.0
2025-03-21,ATW,ATW,680.0,687.0,687.0,678.0,229250.0,156175180.1,162,147801756393.0
2025-03-24,ATW,ATW,687.0,705.0,705.3,687.0,227935.0,159867540.6,193,151674291495.0
2025-03-25,ATW,ATW,705.0,693.1,706.0,685.0,184542.0,129802273.1,177,149114115510.9
2025-03-26,ATW,ATW,690.0,692.0,703.0,690.0,28453.0,19742551.2,106,148877460588.0
2025-03-27,ATW,ATW,695.0,690.1,695.0,680.0,47908.0,33038243.4,94,148468692993.9
2025-03-28,ATW,ATW,691.3,699.8,699.9,691.3,93686.0,65449167.2,95,150555559132.2
2025-04-02,ATW,ATW,697.0,690.0,697.0,686.2,27191.0,18816021.3,104,148447178910.0
2025-04-03,ATW,ATW,681.5,680.0,688.0,676.3,139962.0,95366624.9,186,146295770520.0
2025-04-04,ATW,ATW,680.0,675.0,684.0,675.0,181780.0,123218299.1,201,145220066325.0
2025-04-07,ATW,ATW,650.0,646.5,656.0,640.0,131356.0,84957409.8,337,139088552413.5
2025-04-08,ATW,ATW,660.0,658.9,670.0,650.3,95537.0,62989271.9,233,141756298817.1
2025-04-09,ATW,ATW,640.0,636.7,655.0,635.0,145736.0,93146923.4,300,136980172191.3
2025-04-10,ATW,ATW,659.0,640.0,675.0,638.0,247641.0,161437226.8,385,137690136960.0
2025-04-11,ATW,ATW,649.0,630.1,649.0,625.2,137925.0,87083263.8,295,135560242653.9
2025-04-14,ATW,ATW,636.1,648.0,648.0,636.1,33587.0,21517497.1,108,139411263672.0
2025-04-15,ATW,ATW,648.0,664.0,664.8,641.3,43581.0,28721057.9,133,142853517096.0
2025-04-16,ATW,ATW,670.0,665.0,670.0,660.6,71246.0,47377586.9,121,143068657935.0
2025-04-17,ATW,ATW,663.0,664.0,669.9,660.1,24406.0,16200099.1,92,142853517096.0
2025-04-18,ATW,ATW,661.0,670.0,670.0,661.0,82413.0,55017109.0,100,144144362130.0
2025-04-21,ATW,ATW,665.0,673.0,673.0,662.1,26772.0,17890460.8,78,144789784647.0
2025-04-22,ATW,ATW,665.1,665.0,671.0,665.0,57054.0,38079383.3,110,143068657935.0
2025-04-23,ATW,ATW,665.0,660.0,670.0,660.0,28369.0,18747134.2,75,141992953740.0
2025-04-24,ATW,ATW,660.0,662.9,667.0,660.0,25483.0,16893494.7,77,142616862173.1
2025-04-25,ATW,ATW,662.9,663.0,665.0,660.0,43549.0,28875123.2,82,142638376257.0
2025-04-28,ATW,ATW,661.0,665.0,666.0,661.0,18507.0,12302744.7,63,143068657935.0
2025-04-29,ATW,ATW,661.1,659.0,665.0,659.0,12568.0,8297361.7,92,141777812901.0
2025-04-30,ATW,ATW,664.0,660.0,664.0,659.0,110038.0,72780494.4,114,141992953740.0
2025-05-02,ATW,ATW,660.0,663.0,663.0,659.1,24769.0,16374141.5,74,142638376257.0
2025-05-05,ATW,ATW,660.3,663.0,665.0,660.3,3888.0,2575097.1,52,142638376257.0
2025-05-06,ATW,ATW,663.0,663.0,665.0,660.3,20806.0,13791204.6,60,142638376257.0
2025-05-07,ATW,ATW,660.3,665.1,666.0,660.3,50566.0,33598124.6,87,143090172018.9
2025-05-08,ATW,ATW,663.0,670.0,671.0,663.0,74782.0,50068763.6,86,144144362130.0
2025-05-09,ATW,ATW,665.5,666.0,670.0,665.5,21637.0,14419366.5,46,143283798774.0
2025-05-12,ATW,ATW,665.1,675.0,675.0,665.1,151868.0,102444933.6,158,145220066325.0
2025-05-13,ATW,ATW,670.4,674.9,676.9,670.4,28666.0,19344498.3,68,145198552241.1
2025-05-14,ATW,ATW,670.6,676.0,676.9,670.6,110822.0,74865940.4,95,145435207164.0
2025-05-15,ATW,ATW,676.5,675.0,677.0,675.0,55984.0,37817546.6,101,145220066325.0
2025-05-16,ATW,ATW,673.0,667.1,676.0,667.1,109240.0,72972940.9,90,143520453696.9
2025-05-19,ATW,ATW,667.2,672.0,674.0,667.2,24496.0,16383965.4,65,144574643808.0
2025-05-20,ATW,ATW,667.1,680.0,680.0,667.1,40589.0,27418505.0,125,146295770520.0
2025-05-21,ATW,ATW,680.0,685.0,688.0,673.1,25447.0,17387817.1,97,147371474715.0
2025-05-22,ATW,ATW,685.0,693.0,701.0,685.0,31970.0,22282825.5,151,149092601427.0
2025-05-23,ATW,ATW,699.0,694.9,699.0,694.1,63618.0,44354490.6,89,149501369021.1
2025-05-26,ATW,ATW,695.0,690.6,698.0,690.6,13031.0,9023019.1,68,148576263413.4
2025-05-27,ATW,ATW,685.0,679.0,685.0,670.0,3562.0,2414912.2,56,146080629681.0
2025-05-28,ATW,ATW,670.6,673.0,680.0,670.6,10644.0,7171701.0,63,144789784647.0
2025-05-29,ATW,ATW,673.0,662.8,673.0,662.8,32423.0,21525958.3,111,142595348089.2
2025-05-30,ATW,ATW,663.0,664.0,670.0,662.0,265788.0,176518187.9,182,142853517096.0
2025-06-02,ATW,ATW,670.0,670.0,672.0,662.1,2609.0,1740446.6,49,144144362130.0
2025-06-03,ATW,ATW,672.0,675.0,676.0,670.0,87260.0,58873332.3,88,145220066325.0
2025-06-04,ATW,ATW,675.0,682.0,690.0,675.0,80130.0,54666148.4,103,146726052198.0
2025-06-05,ATW,ATW,683.0,683.5,695.0,683.0,9616.0,6579391.2,76,147048763456.5
2025-06-06,ATW,ATW,685.0,671.6,689.0,671.6,45267.0,30687602.7,92,144488587472.4
2025-06-10,ATW,ATW,673.0,680.0,693.0,672.2,28057.0,19055106.9,73,146295770520.0
2025-06-11,ATW,ATW,687.0,682.5,689.0,680.0,43827.0,29890888.3,57,146833622617.5
2025-06-12,ATW,ATW,680.0,684.2,685.0,680.0,67176.0,45927080.0,88,147199362043.8
2025-06-13,ATW,ATW,671.0,686.0,686.0,671.0,52986.0,35774975.7,148,147586615554.0
2025-06-16,ATW,ATW,677.0,676.1,680.0,671.0,12399.0,8368031.2,66,145456721247.9
2025-06-17,ATW,ATW,675.3,671.5,676.0,671.1,58647.0,39557358.7,105,144467073388.5
2025-06-18,ATW,ATW,670.0,663.0,670.6,663.0,38578.0,25719917.6,152,142638376257.0
2025-06-19,ATW,ATW,663.0,658.0,665.0,656.1,106595.0,70196118.6,144,141562672062.0
2025-06-20,ATW,ATW,661.0,665.0,680.0,661.0,83724.0,55886923.6,114,143068657935.0
2025-06-23,ATW,ATW,660.0,660.0,670.0,659.9,44785.0,29605278.1,78,141992953740.0
2025-06-24,ATW,ATW,670.0,680.0,681.0,670.0,57446.0,39006767.2,112,146295770520.0
2025-06-25,ATW,ATW,675.0,685.2,686.0,675.0,28591.0,19522006.6,90,147414502882.8
2025-06-26,ATW,ATW,685.0,693.0,693.0,681.1,350287.0,240259876.7,133,149092601427.0
2025-06-30,ATW,ATW,680.0,680.0,690.0,680.0,78071.0,53097220.6,82,146295770520.0
2025-07-01,ATW,ATW,685.0,682.0,685.0,678.0,5880.0,4003029.0,42,146726052198.0
2025-07-02,ATW,ATW,678.0,682.0,684.0,675.0,4181.0,2842730.7,44,146726052198.0
2025-07-03,ATW,ATW,682.0,690.0,690.0,682.0,27530.0,18872911.2,67,148447178910.0
2025-07-04,ATW,ATW,680.0,693.0,693.0,680.0,29849.0,20617155.1,93,149092601427.0
2025-07-07,ATW,ATW,683.1,700.0,700.0,683.1,110002.0,76672286.8,168,150598587300.0
2025-07-08,ATW,ATW,700.0,700.0,700.5,695.1,54772.0,38329405.9,163,150598587300.0
2025-07-09,ATW,ATW,700.0,699.8,701.0,695.3,29339.0,20524086.9,85,150555559132.2
2025-07-10,ATW,ATW,697.5,700.0,700.0,697.0,66429.0,46475505.1,92,150598587300.0
2025-07-11,ATW,ATW,696.9,700.9,700.9,696.3,59900.0,41941792.5,123,150792214055.1
2025-07-14,ATW,ATW,697.8,700.0,700.0,696.6,23549.0,16475756.1,83,150598587300.0
2025-07-15,ATW,ATW,695.3,699.8,700.0,695.1,26403.0,18451455.9,83,150555559132.2
2025-07-16,ATW,ATW,699.9,700.0,700.0,695.0,5629.0,3928013.1,56,150598587300.0
2025-07-17,ATW,ATW,700.0,700.0,700.0,688.0,34766.0,24318794.0,89,150598587300.0
2025-07-18,ATW,ATW,691.2,725.0,725.0,690.2,87773.0,62320850.6,129,155977108275.0
2025-07-21,ATW,ATW,724.9,718.0,724.9,705.0,5101.0,3665980.9,55,154471122402.0
2025-07-22,ATW,ATW,710.5,710.9,717.0,710.0,63456.0,45069818.5,75,152943622445.1
2025-07-23,ATW,ATW,707.0,710.0,710.0,707.0,26508.0,18775892.1,75,152749995690.0
2025-07-24,ATW,ATW,710.0,730.0,730.0,707.0,61264.0,43943028.6,109,157052812470.0
2025-07-25,ATW,ATW,733.5,735.0,740.0,721.0,83606.0,61357357.3,139,158128516665.0
2025-07-28,ATW,ATW,730.0,726.0,733.9,722.0,33349.0,24212316.1,98,156192249114.0
2025-07-29,ATW,ATW,725.1,740.0,740.0,725.1,100075.0,73211589.7,110,159204220860.0
2025-07-31,ATW,ATW,736.0,750.0,755.0,736.0,78619.0,58760074.8,204,161355629250.0
2025-08-01,ATW,ATW,765.0,750.0,765.0,750.0,23320.0,17644908.1,78,161355629250.0
2025-08-04,ATW,ATW,750.0,750.0,750.0,743.0,28909.0,21641684.2,131,161355629250.0
2025-08-05,ATW,ATW,747.5,753.0,754.0,747.5,49944.0,37464712.0,71,162001051767.0
2025-08-06,ATW,ATW,752.0,767.9,767.9,750.0,133561.0,100837270.1,137,165206650268.1
2025-08-07,ATW,ATW,767.0,769.7,775.0,760.0,35695.0,27475109.3,101,165593903778.3
2025-08-08,ATW,ATW,779.9,767.9,790.0,767.9,81756.0,63422721.9,175,165206650268.1
2025-08-11,ATW,ATW,777.9,768.9,777.9,768.9,14504.0,11201735.1,83,165421791107.1
2025-08-12,ATW,ATW,770.0,768.0,770.0,767.0,14157.0,10873921.3,77,165228164352.0
2025-08-13,ATW,ATW,760.0,765.0,769.0,754.0,45577.0,34678063.2,108,164582741835.0
2025-08-15,ATW,ATW,765.0,760.0,768.0,760.0,20479.0,15580399.4,111,163507037640.0
2025-08-18,ATW,ATW,755.0,755.0,768.0,755.0,17764.0,13525262.5,111,162431333445.0
2025-08-19,ATW,ATW,755.2,755.0,760.0,755.0,17775.0,13449801.4,78,162431333445.0
2025-08-22,ATW,ATW,759.9,789.9,789.9,755.0,54483.0,41936625.6,122,169939748726.1
2025-08-25,ATW,ATW,789.0,783.0,789.8,765.0,51789.0,40541481.7,117,168455276937.0
2025-08-26,ATW,ATW,780.0,780.0,787.8,771.0,47549.0,37185391.0,84,167809854420.0
2025-08-27,ATW,ATW,785.0,786.5,786.5,775.3,31227.0,24511851.9,81,169208269873.5
2025-08-28,ATW,ATW,777.0,781.0,787.0,777.0,40443.0,31596933.2,113,168024995259.0
2025-08-29,ATW,ATW,787.9,781.0,787.9,781.0,161405.0,126515320.0,97,168024995259.0
2025-09-01,ATW,ATW,780.0,780.1,783.0,778.0,23199.0,18087379.9,78,167831368503.9
2025-09-02,ATW,ATW,777.1,777.1,782.0,775.0,18834.0,14631056.2,94,167185945986.9
2025-09-03,ATW,ATW,777.1,778.0,780.0,776.0,13850.0,10768838.4,90,167379572742.0
2025-09-04,ATW,ATW,777.1,780.0,785.0,777.1,12344.0,9624405.1,83,167809854420.0
2025-09-08,ATW,ATW,780.0,780.0,783.0,780.0,87791.0,68511243.0,131,167809854420.0
2025-09-09,ATW,ATW,778.0,758.0,784.0,758.0,52885.0,40258887.9,143,163076755962.0
2025-09-10,ATW,ATW,779.0,774.9,779.0,760.0,16305.0,12534496.5,58,166712636141.1
2025-09-11,ATW,ATW,778.9,777.0,778.9,773.0,91158.0,70605029.5,74,167164431903.0
2025-09-12,ATW,ATW,778.8,772.0,778.8,771.0,57439.0,44480752.5,90,166088727708.0
2025-09-15,ATW,ATW,774.9,769.9,779.9,769.9,18627.0,14379247.0,139,165636931946.1
2025-09-16,ATW,ATW,773.0,772.0,774.0,770.7,23570.0,18210641.7,81,166088727708.0
2025-09-17,ATW,ATW,771.0,775.2,776.0,771.0,130021.0,100521356.2,84,166777178392.8
2025-09-18,ATW,ATW,775.8,777.0,779.0,774.5,93372.0,72393785.9,80,167164431903.0
2025-09-19,ATW,ATW,778.9,778.0,779.0,773.5,92615.0,72023213.5,93,167379572742.0
2025-09-22,ATW,ATW,785.0,787.5,790.0,780.0,184052.0,144696794.4,161,169423410712.5
2025-09-23,ATW,ATW,784.1,775.1,788.0,775.1,11163.0,8694441.5,144,166755664308.9
2025-09-24,ATW,ATW,775.3,770.1,785.0,767.2,50336.0,38795243.4,169,165679960113.9
2025-09-25,ATW,ATW,770.0,765.0,770.0,763.0,74743.0,57351046.2,159,164582741835.0
2025-09-26,ATW,ATW,765.0,762.3,767.8,760.1,134593.0,102591778.5,178,164001861569.7
2025-09-29,ATW,ATW,762.5,751.0,765.0,751.0,93037.0,70050896.9,174,161570770089.0
2025-09-30,ATW,ATW,751.0,745.0,751.0,725.0,108860.0,80790373.1,208,160279925055.0
2025-10-01,ATW,ATW,735.1,725.0,740.0,711.0,149622.0,108609629.6,364,155977108275.0
2025-10-02,ATW,ATW,706.1,724.9,742.9,690.0,212411.0,153751201.8,373,155955594191.1
2025-10-03,ATW,ATW,731.0,740.0,751.0,731.0,110966.0,82162307.9,218,159204220860.0
2025-10-06,ATW,ATW,764.9,756.0,764.9,756.0,15781.0,11968386.2,91,162646474284.0
2025-10-07,ATW,ATW,756.0,751.0,760.0,750.4,36184.0,27301410.6,90,161570770089.0
2025-10-08,ATW,ATW,756.0,746.0,757.9,746.0,27128.0,20331949.0,102,160495065894.0
2025-10-09,ATW,ATW,741.1,730.0,755.0,730.0,46992.0,34375304.6,134,157052812470.0
2025-10-10,ATW,ATW,731.0,730.0,735.0,725.0,110288.0,80260187.0,194,157052812470.0
2025-10-13,ATW,ATW,728.1,739.8,749.0,728.1,12651.0,9278994.1,66,159161192692.2
2025-10-14,ATW,ATW,739.8,730.0,739.8,720.0,68631.0,50025951.5,145,157052812470.0
2025-10-15,ATW,ATW,730.0,715.0,743.0,710.0,69210.0,49403636.6,160,153825699885.0
2025-10-16,ATW,ATW,735.0,730.0,739.0,715.0,65880.0,48060684.9,118,157052812470.0
2025-10-17,ATW,ATW,730.0,728.0,736.0,720.0,64343.0,46718227.7,79,156622530792.0
2025-10-20,ATW,ATW,742.0,744.0,744.0,730.0,59414.0,44065978.6,131,160064784216.0
2025-10-21,ATW,ATW,748.0,768.3,768.3,745.3,81012.0,61764448.5,114,165292706603.7
2025-10-22,ATW,ATW,770.0,780.0,784.9,770.0,86343.0,67334876.8,148,167809854420.0
2025-10-23,ATW,ATW,775.0,780.0,785.0,768.0,65305.0,50900685.0,102,167809854420.0
2025-10-24,ATW,ATW,772.0,779.9,780.0,772.0,31299.0,24399785.0,79,167788340336.1
2025-10-27,ATW,ATW,775.0,773.0,776.1,773.0,2398.0,1859843.5,44,166303868547.0
2025-10-28,ATW,ATW,779.9,777.0,779.9,773.0,32008.0,24840538.1,78,167164431903.0
2025-10-29,ATW,ATW,775.1,777.0,777.0,772.1,90285.0,70096796.8,104,167164431903.0
2025-10-30,ATW,ATW,772.0,777.0,778.0,772.0,41305.0,32064284.9,84,167164431903.0
2025-10-31,ATW,ATW,768.0,777.0,784.8,768.0,47693.0,37081471.1,150,167164431903.0
2025-11-03,ATW,ATW,790.0,780.0,804.0,780.0,97105.0,77102787.8,265,167809854420.0
2025-11-04,ATW,ATW,780.0,770.0,780.0,770.0,18874.0,14563230.1,99,165658446030.0
2025-11-05,ATW,ATW,770.0,767.0,777.0,767.0,11555.0,8881613.2,62,165013023513.0
2025-11-07,ATW,ATW,760.0,766.0,780.0,760.0,37776.0,29029808.8,143,164797882674.0
2025-11-10,ATW,ATW,760.0,745.0,765.0,745.0,34768.0,26054863.0,212,160279925055.0
2025-11-11,ATW,ATW,747.7,731.0,759.9,731.0,39976.0,29373087.2,204,157267953309.0
2025-11-12,ATW,ATW,735.0,731.0,757.9,731.0,30206.0,22210906.6,136,157267953309.0
2025-11-13,ATW,ATW,745.0,741.9,745.0,731.1,13559.0,10052870.2,60,159612988454.1
2025-11-14,ATW,ATW,741.0,736.0,744.0,734.1,38342.0,28239921.2,105,158343657504.0
2025-11-17,ATW,ATW,749.9,728.8,749.9,728.8,24155.0,17685097.9,154,156794643463.2
2025-11-19,ATW,ATW,730.0,719.9,730.0,719.1,10301.0,7446608.2,196,154879889996.1
2025-11-20,ATW,ATW,720.0,711.0,720.0,710.0,153830.0,109460711.2,355,152965136529.0
2025-11-21,ATW,ATW,714.0,713.0,715.0,712.0,75666.0,53991053.4,145,153395418207.0
2025-11-24,ATW,ATW,715.0,720.0,728.0,702.5,31677.0,22725799.1,177,154901404080.0
2025-11-25,ATW,ATW,729.9,725.0,730.0,725.0,36993.0,26845605.1,86,155977108275.0
2025-11-26,ATW,ATW,725.0,730.0,730.0,725.0,43487.0,31681237.9,82,157052812470.0
2025-11-27,ATW,ATW,725.0,734.0,735.0,725.0,29807.0,21803771.9,78,157913375826.0
2025-11-28,ATW,ATW,728.1,731.5,734.0,728.1,26666.0,19496363.0,89,157375523728.5
2025-12-01,ATW,ATW,720.1,720.0,735.0,720.0,16406.0,11819794.1,119,154901404080.0
2025-12-02,ATW,ATW,720.1,720.2,725.0,715.5,28836.0,20758863.7,78,154944432247.8
2025-12-03,ATW,ATW,717.0,720.2,725.0,717.0,44052.0,31766725.5,98,154944432247.8
2025-12-04,ATW,ATW,720.0,718.5,724.9,717.5,6500.0,4678116.6,99,154578692821.5
2025-12-05,ATW,ATW,716.1,725.0,725.0,716.1,57820.0,41653637.7,65,155977108275.0
2025-12-08,ATW,ATW,730.0,719.9,730.0,719.9,20218.0,14561618.2,86,154879889996.1
2025-12-09,ATW,ATW,720.1,720.0,723.0,720.0,12311.0,8876776.1,82,154901404080.0
2025-12-10,ATW,ATW,723.0,719.9,723.0,715.0,5922.0,4250856.9,72,154879889996.1
2025-12-11,ATW,ATW,720.0,723.9,723.9,720.0,9229.0,6668767.4,71,155740453352.1
2025-12-12,ATW,ATW,717.5,720.0,724.0,717.5,37283.0,26851221.4,143,154901404080.0
2025-12-15,ATW,ATW,724.0,725.5,731.0,724.0,26659.0,19346768.6,137,156084678694.5
2025-12-16,ATW,ATW,726.0,726.0,730.9,726.0,33410.0,24302455.7,119,156192249114.0
2025-12-17,ATW,ATW,727.0,738.0,739.9,727.0,44241.0,32437175.8,150,158773939182.0
2025-12-18,ATW,ATW,738.0,745.4,745.4,738.0,14040.0,10445697.5,112,160365981390.6
2025-12-19,ATW,ATW,750.0,764.0,764.0,742.1,160685.0,121237867.5,175,164367600996.0
2025-12-22,ATW,ATW,763.9,760.0,764.1,755.0,19140.0,14554917.0,138,163507037640.0
2025-12-23,ATW,ATW,750.0,754.0,759.0,745.0,3380.0,2541194.3,70,162216192606.0
2025-12-24,ATW,ATW,751.0,750.0,755.0,750.0,36437.0,27419313.6,112,161355629250.0
2025-12-25,ATW,ATW,742.5,741.0,755.0,741.0,71464.0,53341403.9,149,159419361699.0
2025-12-26,ATW,ATW,740.0,720.0,750.0,720.0,278539.0,203999858.0,246,154901404080.0
2025-12-29,ATW,ATW,752.0,718.0,752.0,670.0,94043.0,67634876.4,805,154471122402.0
2025-12-30,ATW,ATW,713.2,729.0,729.0,711.5,545786.0,396017862.6,497,156837671631.0
2025-12-31,ATW,ATW,723.1,730.1,732.0,723.1,77087.0,56140855.4,251,157074326553.9
2026-01-02,ATW,ATW,728.0,744.9,744.9,720.0,127252.0,93092711.2,376,160258410971.1
2026-01-05,ATW,ATW,730.5,749.0,750.0,730.5,146347.0,108615445.8,376,161140488411.0
2026-01-06,ATW,ATW,750.0,757.0,762.0,750.0,80928.0,61210371.2,388,162861615123.0
2026-01-07,ATW,ATW,759.9,755.2,772.0,755.0,93024.0,71012352.6,408,162474361612.8
2026-01-08,ATW,ATW,750.1,755.1,759.8,750.0,86198.0,64943736.5,263,162452847528.9
2026-01-09,ATW,ATW,752.2,764.5,764.9,752.2,132711.0,100894925.3,191,164475171415.5
2026-01-12,ATW,ATW,750.0,752.0,760.0,750.0,53104.0,39917126.7,224,161785910928.0
2026-01-13,ATW,ATW,753.0,748.9,753.0,745.0,19464.0,14552808.3,162,161118974327.1
2026-01-15,ATW,ATW,741.0,742.0,750.0,739.1,36589.0,27139623.2,213,159634502538.0
2026-01-16,ATW,ATW,736.0,749.0,749.8,736.0,105362.0,78357468.9,192,161140488411.0
2026-01-19,ATW,ATW,735.1,735.0,745.0,735.0,26888.0,19779084.8,178,158128516665.0
2026-01-20,ATW,ATW,735.0,734.0,739.9,725.0,53522.0,39287220.8,216,157913375826.0
2026-01-21,ATW,ATW,726.0,721.0,730.0,720.0,23726.0,17126125.0,239,155116544919.0
2026-01-22,ATW,ATW,721.1,730.0,735.0,721.1,34901.0,25444233.1,200,157052812470.0
2026-01-23,ATW,ATW,731.9,725.4,731.9,725.0,56132.0,40735640.4,225,156063164610.6
2026-01-26,ATW,ATW,724.0,720.1,729.5,718.0,48504.0,34950315.8,291,154922918163.9
2026-01-27,ATW,ATW,720.0,740.0,740.0,720.0,127709.0,93148190.4,257,159204220860.0
2026-01-28,ATW,ATW,732.1,740.0,745.0,732.1,31433.0,23214218.2,158,159204220860.0
2026-01-29,ATW,ATW,742.0,739.9,745.0,735.6,30015.0,22220390.3,132,159182706776.1
2026-01-30,ATW,ATW,739.0,735.0,739.0,730.1,22799.0,16756000.3,92,158128516665.0
2026-02-02,ATW,ATW,729.5,734.0,735.0,725.0,94691.0,68871243.6,172,157913375826.0
2026-02-03,ATW,ATW,724.1,728.0,734.0,724.0,51268.0,37331294.7,114,156622530792.0
2026-02-04,ATW,ATW,726.0,728.6,730.0,725.0,56255.0,40953276.6,122,156751615295.4
2026-02-05,ATW,ATW,723.5,723.9,728.0,721.0,58619.0,42439886.0,232,155740453352.1
2026-02-06,ATW,ATW,723.1,731.0,731.0,715.1,169923.0,122480276.3,358,157267953309.0
2026-02-09,ATW,ATW,725.0,727.0,731.0,720.0,3787.0,2741511.9,155,156407389953.0
2026-02-10,ATW,ATW,723.0,727.0,729.0,720.0,27034.0,19569772.2,136,156407389953.0
2026-02-11,ATW,ATW,721.0,730.0,733.0,721.0,15190.0,11067936.0,120,157052812470.0
2026-02-12,ATW,ATW,730.0,750.0,750.0,730.0,56933.0,42441863.3,180,161355629250.0
2026-02-13,ATW,ATW,740.5,750.0,755.0,740.3,112958.0,84633755.0,203,161355629250.0
2026-02-16,ATW,ATW,740.3,755.0,755.0,740.3,72012.0,54160551.7,187,162431333445.0
2026-02-17,ATW,ATW,750.0,755.0,755.0,745.2,53621.0,40283582.7,146,162431333445.0
2026-02-18,ATW,ATW,750.0,755.3,760.0,750.0,27869.0,21026031.3,163,162495875696.7
2026-02-19,ATW,ATW,750.2,760.0,760.0,750.2,143829.0,108865684.6,177,163507037640.0
2026-02-20,ATW,ATW,755.0,760.0,760.0,750.3,97472.0,74011673.4,158,163507037640.0
2026-02-23,ATW,ATW,751.0,755.0,755.0,751.0,7338.0,5535777.7,61,162431333445.0
2026-02-24,ATW,ATW,751.0,753.9,755.0,751.0,20481.0,15412416.7,80,162194678522.1
2026-02-25,ATW,ATW,754.0,749.0,754.0,746.3,18756.0,14055944.2,106,161140488411.0
2026-02-26,ATW,ATW,746.2,739.0,749.0,732.0,26960.0,19928068.6,139,158989080021.0
2026-02-27,ATW,ATW,739.0,726.0,745.0,726.0,121929.0,88683197.9,237,156192249114.0
2026-03-02,ATW,ATW,715.0,709.9,719.0,700.0,181538.0,129243947.3,480,152728481606.1
2026-03-03,ATW,ATW,703.0,680.0,710.0,671.0,279086.0,190749852.2,729,146295770520.0
2026-03-04,ATW,ATW,710.0,685.0,720.0,685.0,187967.0,130256579.5,607,147371474715.0
2026-03-05,ATW,ATW,707.0,708.0,708.0,700.0,111544.0,78681029.8,357,152319714012.0
2026-03-06,ATW,ATW,720.0,701.1,724.9,701.1,121728.0,85613759.8,324,150835242222.9
2026-03-09,ATW,ATW,681.0,667.9,690.0,667.9,48497.0,32684179.2,659,143692566368.1
2026-03-10,ATW,ATW,700.0,695.0,708.0,695.0,163428.0,114401320.6,301,149522883105.0
2026-03-11,ATW,ATW,704.8,707.3,707.3,701.0,37484.0,26431887.9,125,152169115424.7
2026-03-12,ATW,ATW,708.0,701.0,708.0,700.2,30417.0,21355138.3,125,150813728139.0
2026-03-13,ATW,ATW,697.9,680.0,700.0,680.0,172780.0,118237576.4,568,146295770520.0
2026-03-16,ATW,ATW,700.0,691.3,700.0,685.1,27338.0,18919686.8,149,148726862000.7
2026-03-17,ATW,ATW,698.0,692.0,699.0,691.5,54123.0,37454860.5,133,148877460588.0
2026-03-18,ATW,ATW,700.0,714.9,714.9,697.0,50939.0,36071613.1,209,153804185801.1
2026-03-19,ATW,ATW,700.0,692.0,700.0,690.0,72403.0,50226420.1,257,148877460588.0
2026-03-24,ATW,ATW,710.0,690.0,710.0,690.0,220942.0,155985735.3,224,148447178910.0
2026-03-25,ATW,ATW,692.1,703.8,705.0,692.1,444068.0,311348472.7,231,151416122488.2
2026-03-26,ATW,ATW,695.1,694.0,700.0,694.0,35212.0,24469674.4,293,149307742266.0
2026-03-27,ATW,ATW,690.7,680.2,700.0,680.2,62957.0,43122990.0,359,146338798687.8
2026-03-30,ATW,ATW,680.0,687.7,693.8,680.0,6400.0,4372330.8,245,147952354980.3
2026-03-31,ATW,ATW,685.0,684.9,685.5,682.0,20931.0,14305400.5,212,147349960631.1
2026-04-01,ATW,ATW,690.0,691.9,700.0,685.0,108085.0,74863658.9,226,148855946504.1
2026-04-02,ATW,ATW,690.0,690.0,690.0,688.0,77051.0,53158613.3,134,148447178910.0
2026-04-03,ATW,ATW,689.9,681.2,694.0,681.2,123945.0,84703996.9,214,146553939526.8
2026-04-06,ATW,ATW,692.0,680.0,692.9,680.0,114292.0,77839476.6,251,146295770520.0
2026-04-07,ATW,ATW,680.0,676.0,690.0,675.0,60687.0,41132267.7,268,145435207164.0
2026-04-08,ATW,ATW,700.0,706.0,710.0,700.0,117052.0,82461928.0,362,151889432334.0
2026-04-09,ATW,ATW,708.0,703.1,709.0,703.0,69113.0,48688640.9,131,151265523900.9
2026-04-10,ATW,ATW,703.0,711.0,711.0,703.0,33519.0,23712756.7,196,152965136529.0
2026-04-13,ATW,ATW,705.0,700.0,705.0,695.0,32033.0,22398728.2,164,150598587300.0
2026-04-14,ATW,ATW,704.0,700.2,709.0,700.2,103272.0,72531964.6,213,150641615467.8
2026-04-15,ATW,ATW,696.1,703.0,708.0,696.1,49375.0,34736533.2,153,151244009817.0
2026-04-16,ATW,ATW,703.0,703.0,705.0,700.7,34357.0,24152971.0,119,151244009817.0
2026-04-17,ATW,ATW,703.0,715.0,723.0,701.1,201683,144323944.7,355,153825699885.0
2026-04-20,ATW,ATW,703.0,708.1,710.0,703.0,27019,19132153.0,93,152341228095.9
2026-04-21,ATW,ATW,715.0,715.0,716.0,706.0,30247,21626605.0,122,153825699885.0
