asof,last_close,entry_low,entry_high,target,stop,expected_return_pct,risk_reward_ratio,atr_mad,confidence,return_1m_pct,return_3m_pct,return_6m_pct,pct_below_52w_high,atr_ratio_pct,news_count,avg_news_score,outcome,bars_to_resolution,realized_return_pct,max_runup_pct,max_drawdown_pct,skip_reason
2023-05-03,399.0,399.0,399.0,405.0,391.7,1.5,0.82,3.65,MEDIUM,,,,1.48,0.915,0,0.0,TARGET,7,1.5,7.33,-1.0,
2023-05-04,398.0,398.0,398.0,405.0,391.47,1.76,1.07,3.26,MEDIUM,-0.5,,,1.73,0.82,0,0.0,TARGET,6,1.76,7.6,-0.75,
2023-05-05,398.05,398.0,398.05,405.0,391.76,1.75,1.1,3.12,MEDIUM,-0.49,,,1.72,0.784,0,0.0,TARGET,5,1.75,9.28,-0.77,
2023-05-08,396.0,396.0,396.0,405.0,389.64,2.27,1.41,3.18,MEDIUM,-1.98,,,2.22,0.804,0,0.0,TARGET,4,2.27,9.85,-0.25,
2023-05-09,396.0,396.0,396.0,405.0,389.21,2.27,1.32,3.4,MEDIUM,-1.0,,,2.22,0.858,0,0.0,TARGET,3,2.27,9.85,0.09,
2023-05-10,397.5,396.0,397.5,405.0,388.66,1.89,0.85,3.67,MEDIUM,-0.64,,,1.85,0.923,0,0.0,TARGET,2,1.89,9.43,-0.13,
2023-05-11,398.0,396.0,398.0,405.0,387.82,1.76,0.69,4.09,MEDIUM,-0.5,,,1.73,1.027,0,0.0,TARGET,1,1.76,9.3,0.0,
2023-05-12,406.0,401.41,406.0,406.0,392.24,0.0,0.0,4.59,MEDIUM,0.5,,,0.0,1.129,0,0.0,TARGET,1,0.0,7.14,-0.73,
2023-05-15,405.0,400.2,405.0,406.0,390.61,0.25,0.07,4.8,MEDIUM,1.24,,,0.25,1.184,0,0.0,TARGET,1,0.25,7.41,-0.48,
2023-05-16,412.0,406.7,412.0,412.0,396.1,0.0,0.0,5.3,MEDIUM,3.0,,,0.0,1.286,0,0.0,TARGET,6,0.0,5.58,-2.16,
2023-05-17,408.0,402.56,408.0,412.0,391.69,0.98,0.25,5.44,MEDIUM,1.99,,,0.97,1.332,0,0.0,TARGET,5,0.98,6.62,-1.2,
2023-05-18,405.0,399.64,405.0,412.0,388.91,1.73,0.43,5.36,MEDIUM,1.22,,,1.7,1.325,0,0.0,TARGET,4,1.73,9.63,-0.47,
2023-05-19,408.5,403.08,408.5,412.0,392.25,0.86,0.22,5.42,MEDIUM,2.12,,,0.85,1.326,0,0.0,TARGET,3,0.86,8.69,-1.31,
2023-05-22,407.9,402.45,407.9,412.0,391.55,1.01,0.25,5.45,MEDIUM,1.96,,,1.0,1.336,0,0.0,TARGET,2,1.01,8.85,-0.91,
2023-05-23,408.0,402.36,408.0,412.0,391.08,0.98,0.24,5.64,MEDIUM,2.0,,,0.97,1.382,0,0.0,TARGET,1,0.98,11.64,1.74,
2023-05-24,423.5,416.79,423.5,423.5,403.38,0.0,0.0,6.71,MEDIUM,5.35,,,0.0,1.584,0,0.0,TARGET,2,0.0,7.56,-1.51,
2023-05-25,418.05,411.09,418.05,423.5,397.18,1.3,0.26,6.96,MEDIUM,3.22,,,1.29,1.664,0,0.0,TARGET,1,1.3,8.96,-0.23,
2023-05-26,426.0,418.61,426.0,426.0,403.83,0.0,0.0,7.39,MEDIUM,6.45,,,0.0,1.735,0,0.0,TARGET,2,0.0,6.92,-0.94,
2023-05-29,425.0,417.68,425.0,426.0,403.05,0.24,0.05,7.32,MEDIUM,5.46,,,0.23,1.722,0,0.0,TARGET,1,0.24,7.18,-0.71,
2023-05-30,426.15,419.03,426.15,426.15,404.79,0.0,0.0,7.12,MEDIUM,5.25,,,0.0,1.671,0,0.0,TARGET,1,0.0,6.89,-0.97,
2023-05-31,427.5,420.5,427.5,427.5,406.5,0.0,0.0,7.0,MEDIUM,6.85,,,0.0,1.637,0,0.0,TARGET,1,0.0,6.55,-1.29,
2023-06-01,427.4,420.93,427.4,427.5,408.0,0.02,0.01,6.47,MEDIUM,7.12,,,0.02,1.513,0,0.0,TARGET,1,0.02,6.57,-1.26,
2023-06-02,435.0,427.96,435.0,435.0,413.87,0.0,0.0,7.04,MEDIUM,9.3,,,0.0,1.619,0,0.0,TARGET,9,0.0,4.71,-2.75,
2023-06-05,427.75,420.93,427.75,435.0,407.28,1.69,0.35,6.82,MEDIUM,7.46,,,1.67,1.596,0,0.0,TARGET,8,1.69,6.49,-1.1,
2023-06-06,429.0,422.49,429.0,435.0,409.47,1.4,0.31,6.51,MEDIUM,8.33,,,1.38,1.518,0,0.0,TARGET,7,1.4,6.18,-1.39,
2023-06-07,425.3,418.79,425.3,435.0,405.77,2.28,0.5,6.51,MEDIUM,7.4,,,2.23,1.531,0,0.0,TARGET,6,2.28,7.1,-0.53,
2023-06-08,427.0,420.61,427.0,435.0,407.84,1.87,0.42,6.39,MEDIUM,7.42,,,1.84,1.495,0,0.0,TARGET,5,1.87,6.67,-0.93,
2023-06-09,429.0,422.85,429.0,435.0,410.56,1.4,0.33,6.15,MEDIUM,7.79,,,1.38,1.433,0,0.0,TARGET,4,1.4,6.18,-1.39,
2023-06-12,425.2,419.18,425.2,435.0,407.14,2.3,0.54,6.02,MEDIUM,4.73,,,2.25,1.416,0,0.0,TARGET,3,2.3,7.13,-0.51,
2023-06-13,429.0,423.92,429.0,435.0,413.75,1.4,0.39,5.08,MEDIUM,5.93,,,1.38,1.185,0,0.0,TARGET,2,1.4,6.18,-1.39,
2023-06-14,434.95,429.68,434.95,435.0,419.14,0.01,0.0,5.27,MEDIUM,5.57,,,0.01,1.212,0,0.0,TARGET,1,0.01,4.72,-2.74,
2023-06-15,438.0,432.36,438.0,438.0,421.09,0.0,0.0,5.64,MEDIUM,7.35,,,0.0,1.287,0,0.0,TARGET,1,0.0,4.0,-3.41,
2023-06-16,440.0,433.8,440.0,440.0,421.39,0.0,0.0,6.2,MEDIUM,8.64,,,0.0,1.41,0,0.0,TARGET,2,0.0,3.52,-3.85,
2023-06-19,439.5,433.02,439.5,440.0,420.07,0.11,0.03,6.47,MEDIUM,7.59,,,0.11,1.473,0,0.0,TARGET,1,0.11,3.64,-3.74,
2023-06-20,449.9,442.26,449.9,449.9,426.99,0.0,0.0,7.64,MEDIUM,10.3,,,0.0,1.697,0,0.0,TARGET,1,0.0,0.0,-5.97,
2023-06-21,440.0,431.98,440.0,449.9,415.94,2.25,0.41,8.02,MEDIUM,7.84,,,2.2,1.823,0,0.0,EXPIRED,20,0.93,1.36,-3.85,
2023-06-22,439.0,431.42,439.0,449.9,416.26,2.48,0.48,7.58,MEDIUM,3.66,,,2.42,1.726,0,0.0,EXPIRED,20,2.04,2.04,-3.63,
2023-06-23,445.0,437.63,445.0,449.9,422.89,1.1,0.22,7.37,MEDIUM,6.45,,,1.09,1.657,0,0.0,EXPIRED,20,0.22,0.66,-4.93,
2023-06-26,440.0,432.45,440.0,449.9,417.35,2.25,0.44,7.55,MEDIUM,3.29,,,2.2,1.716,0,0.0,TARGET,20,2.25,3.18,-3.85,
2023-06-27,443.0,435.47,443.0,449.9,420.4,1.56,0.31,7.53,MEDIUM,4.24,,,1.53,1.7,0,0.0,TARGET,19,1.56,2.48,-4.5,
2023-06-28,444.0,436.37,444.0,449.9,421.11,1.33,0.26,7.63,MEDIUM,4.19,,,1.31,1.718,0,0.0,TARGET,18,1.33,2.48,-4.72,
2023-07-03,430.25,425.2,430.25,449.9,407.24,4.57,0.85,8.98,MEDIUM,0.64,,,4.37,2.088,0,0.0,TARGET,17,4.57,6.91,0.01,
2023-07-04,435.0,425.96,435.0,449.9,407.89,3.43,0.55,9.04,MEDIUM,1.78,,,3.31,2.077,0,0.0,TARGET,16,3.43,5.98,-1.08,
2023-07-05,439.8,430.69,439.8,449.9,412.48,2.3,0.37,9.11,MEDIUM,1.1,9.95,,2.24,2.071,0,0.0,TARGET,15,2.3,4.82,-2.16,
2023-07-06,437.5,428.77,437.5,449.9,411.32,2.83,0.47,8.72,MEDIUM,2.28,9.38,,2.76,1.994,0,0.0,TARGET,14,2.83,5.37,-1.65,
2023-07-07,433.0,425.2,433.0,449.9,408.82,3.9,0.7,8.19,MEDIUM,0.93,7.18,,3.76,1.891,0,0.0,TARGET,13,3.9,6.47,-0.62,
2023-07-10,433.0,425.39,433.0,449.9,410.18,3.9,0.74,7.61,MEDIUM,1.81,8.25,,3.76,1.757,0,0.0,TARGET,12,3.9,6.47,-0.62,
2023-07-11,433.0,425.45,433.0,449.9,410.34,3.9,0.75,7.55,MEDIUM,1.41,8.24,,3.76,1.744,0,0.0,TARGET,11,3.9,6.47,-0.53,
2023-07-12,435.5,429.06,435.5,449.9,416.18,3.31,0.75,6.44,MEDIUM,1.52,8.88,,3.2,1.479,0,0.0,TARGET,10,3.31,5.86,-0.69,
2023-07-13,435.0,430.25,435.0,449.9,418.14,3.43,0.88,6.05,MEDIUM,2.3,7.67,,3.31,1.392,0,0.0,TARGET,9,3.43,5.98,0.0,
2023-07-14,437.15,431.43,437.15,449.9,419.99,2.92,0.74,5.72,MEDIUM,1.9,9.27,,2.83,1.309,0,0.0,TARGET,8,2.92,5.46,-0.45,
2023-07-17,438.05,432.55,438.05,449.9,421.56,2.71,0.72,5.5,MEDIUM,0.71,9.51,,2.63,1.255,0,0.0,TARGET,7,2.71,5.24,-0.47,
2023-07-18,442.0,436.36,442.0,449.9,425.08,1.79,0.47,5.64,MEDIUM,0.91,10.49,,1.76,1.276,0,0.0,TARGET,6,1.79,4.3,-0.45,
2023-07-20,444.05,438.4,444.05,449.9,427.09,1.32,0.34,5.65,MEDIUM,0.92,10.98,,1.3,1.273,0,0.0,TARGET,5,1.32,3.82,-0.9,
2023-07-21,445.2,439.69,445.2,449.9,428.68,1.06,0.28,5.51,MEDIUM,1.3,11.3,,1.04,1.237,0,0.0,TARGET,4,1.06,3.55,-1.16,
2023-07-24,444.1,439.72,444.1,449.9,430.96,1.31,0.44,4.38,MEDIUM,-1.29,11.01,,1.29,0.986,0,0.0,TARGET,3,1.31,3.81,-0.14,
2023-07-25,447.95,443.59,447.95,449.9,434.88,0.44,0.15,4.36,MEDIUM,1.81,11.99,,0.43,0.973,0,0.0,TARGET,2,0.44,2.91,-0.83,
2023-07-26,446.0,441.74,446.0,449.9,433.22,0.87,0.31,4.26,MEDIUM,1.59,10.95,,0.87,0.955,0,0.0,TARGET,1,0.87,3.36,-0.39,
2023-07-27,450.5,445.87,450.5,450.5,436.6,0.0,0.0,4.63,MEDIUM,1.24,11.23,,0.0,1.028,0,0.0,TARGET,1,0.0,2.33,-1.39,
2023-07-28,452.0,447.41,452.0,452.0,438.23,0.0,0.0,4.59,MEDIUM,2.73,12.94,,0.0,1.015,0,0.0,TARGET,1,0.0,1.99,-1.71,
2023-07-31,455.0,450.32,455.0,455.0,440.98,0.0,0.0,4.67,MEDIUM,2.71,12.9,,0.0,1.027,0,0.0,TARGET,1,0.0,1.32,-2.36,
2023-08-01,460.0,455.18,460.0,460.0,445.55,0.0,0.0,4.82,MEDIUM,3.6,13.61,,0.0,1.047,0,0.0,TARGET,1,0.0,0.22,-3.42,
2023-08-02,461.0,456.11,461.0,461.0,446.34,0.0,0.0,4.89,MEDIUM,7.15,15.22,,0.0,1.06,0,0.0,STOP,6,-3.18,-0.04,-3.63,
2023-08-03,456.5,451.58,456.5,461.0,441.74,0.99,0.3,4.92,MEDIUM,4.94,14.41,,0.98,1.078,0,0.0,EXPIRED,20,-0.99,0.33,-2.68,
2023-08-04,455.05,450.14,455.05,461.0,440.31,1.31,0.4,4.91,MEDIUM,3.47,14.33,,1.29,1.08,0,0.0,EXPIRED,20,-1.0,0.65,-2.37,
2023-08-07,451.0,445.93,451.0,461.0,435.79,2.22,0.66,5.07,MEDIUM,3.09,13.3,,2.17,1.124,0,0.0,EXPIRED,20,-0.88,1.55,-1.5,
2023-08-08,450.25,445.46,450.25,461.0,435.89,2.39,0.75,4.79,MEDIUM,3.98,13.7,,2.33,1.063,0,0.0,EXPIRED,20,-0.83,1.72,-1.33,
2023-08-09,448.1,443.5,448.1,461.0,434.31,2.88,0.94,4.6,MEDIUM,3.49,13.16,,2.8,1.026,0,0.0,EXPIRED,20,-1.47,2.21,-1.58,
2023-08-10,449.9,445.11,449.9,461.0,435.53,2.47,0.77,4.79,MEDIUM,3.9,13.18,,2.41,1.065,0,0.0,EXPIRED,20,-2.53,1.8,-2.65,
2023-08-11,446.1,441.33,446.1,461.0,431.79,3.34,1.04,4.77,MEDIUM,2.43,12.09,,3.23,1.07,0,0.0,EXPIRED,20,-1.36,2.67,-2.48,
2023-08-15,447.1,442.51,447.1,461.0,433.33,3.11,1.01,4.59,MEDIUM,2.78,10.12,,3.02,1.026,0,0.0,EXPIRED,20,-1.36,2.44,-2.7,
2023-08-16,450.0,445.38,450.0,461.0,436.12,2.44,0.79,4.62,MEDIUM,2.94,11.11,,2.39,1.028,0,0.0,STOP,18,-3.08,1.78,-3.32,
2023-08-17,450.0,445.74,450.0,461.0,437.23,2.44,0.86,4.26,MEDIUM,2.73,9.22,,2.39,0.946,0,0.0,STOP,17,-2.84,1.78,-3.32,
2023-08-18,450.5,446.59,450.5,461.0,438.78,2.33,0.9,3.91,MEDIUM,1.92,10.42,,2.28,0.867,0,0.0,STOP,15,-2.6,1.66,-3.43,
2023-08-22,450.6,446.84,450.6,461.0,439.31,2.31,0.92,3.76,MEDIUM,1.48,11.26,,2.26,0.835,0,0.0,STOP,14,-2.51,1.64,-3.45,
2023-08-23,451.0,447.61,451.0,461.0,440.82,2.22,0.98,3.39,MEDIUM,1.3,10.4,,2.17,0.752,0,0.0,STOP,13,-2.26,1.55,-3.54,
2023-08-24,451.3,448.16,451.3,461.0,441.89,2.15,1.03,3.14,MEDIUM,1.62,10.64,,2.1,0.695,0,0.0,STOP,11,-2.09,1.48,-3.6,
2023-08-25,451.5,448.61,451.5,461.0,442.84,2.1,1.1,2.89,MEDIUM,0.79,10.66,,2.06,0.639,0,0.0,STOP,10,-1.92,1.44,-3.64,
2023-08-28,453.0,449.76,453.0,461.0,443.29,1.77,0.82,3.24,MEDIUM,1.57,6.97,,1.74,0.714,0,0.0,STOP,9,-2.14,1.1,-3.96,
2023-08-29,454.95,451.72,454.95,461.0,445.26,1.33,0.62,3.23,MEDIUM,0.99,8.83,,1.31,0.71,0,0.0,STOP,7,-2.13,0.89,-4.37,
2023-08-30,449.0,446.1,449.0,461.0,439.08,2.67,1.21,3.51,MEDIUM,-0.66,5.4,,2.6,0.782,0,0.0,STOP,8,-2.21,2.23,-3.11,
2023-08-31,457.9,453.92,457.9,461.0,445.95,0.68,0.26,3.98,MEDIUM,0.64,7.74,,0.67,0.87,0,0.0,STOP,5,-2.61,0.24,-4.99,
2023-09-01,455.0,450.96,455.0,461.0,442.89,1.32,0.5,4.04,MEDIUM,-1.09,6.77,,1.3,0.887,1,69.0,STOP,5,-2.66,0.88,-4.38,
2023-09-04,452.0,447.75,452.0,461.0,439.26,1.99,0.71,4.25,MEDIUM,-1.95,5.73,,1.95,0.939,1,69.0,STOP,5,-2.82,1.55,-3.75,
2023-09-05,450.5,446.26,450.5,461.0,437.78,2.33,0.83,4.24,MEDIUM,-1.31,5.4,,2.28,0.941,1,69.0,STOP,5,-2.82,5.22,-3.43,
2023-09-06,447.05,446.1,447.05,461.0,437.6,3.12,1.48,4.25,MEDIUM,-1.76,2.77,,3.03,0.951,1,69.0,STOP,4,-2.11,7.37,-2.68,
2023-09-07,446.5,446.1,446.5,461.0,437.73,3.25,1.65,4.19,MEDIUM,-1.0,4.38,,3.15,0.937,1,69.0,STOP,3,-1.96,7.5,-2.56,
2023-09-08,441.5,441.5,441.5,461.0,432.49,4.42,2.16,4.51,MEDIUM,-1.94,2.91,,4.23,1.021,1,69.0,TARGET,17,4.42,8.72,-1.46,
2023-09-11,438.5,438.5,438.5,461.0,429.41,5.13,2.48,4.54,MEDIUM,-2.14,3.1,,4.88,1.036,1,69.0,TARGET,16,5.13,9.46,-0.79,
2023-09-12,440.05,438.5,440.05,461.0,428.71,4.76,1.85,4.9,MEDIUM,-2.19,3.06,,4.54,1.113,1,69.0,TARGET,15,4.76,9.08,-0.69,
2023-09-13,441.0,438.5,441.0,461.0,428.04,4.54,1.54,5.23,MEDIUM,-1.14,2.8,,4.34,1.186,1,69.0,TARGET,14,4.54,8.84,-0.68,
2023-09-14,440.9,438.5,440.9,461.0,427.26,4.56,1.47,5.62,MEDIUM,-1.39,3.69,,4.36,1.275,1,69.0,TARGET,13,4.56,8.87,-0.54,
2023-09-15,441.5,438.5,441.5,461.0,427.82,4.42,1.43,5.34,MEDIUM,-1.89,2.91,,4.23,1.209,0,0.0,TARGET,12,4.42,8.72,-0.33,
2023-09-18,442.9,438.5,442.9,461.0,428.12,4.09,1.22,5.19,MEDIUM,-1.58,1.83,,3.93,1.172,0,0.0,TARGET,11,4.09,8.38,0.02,
2023-09-19,444.55,439.74,444.55,461.0,430.12,3.7,1.14,4.81,MEDIUM,-1.32,1.5,,3.57,1.082,0,0.0,TARGET,10,3.7,7.97,-0.34,
2023-09-20,450.1,445.42,450.1,461.0,436.06,2.42,0.78,4.68,MEDIUM,-0.11,2.3,,2.36,1.039,0,0.0,TARGET,9,2.42,6.64,-1.13,
2023-09-21,450.05,445.31,450.05,461.0,435.82,2.43,0.77,4.74,MEDIUM,-0.21,2.4,,2.38,1.054,0,0.0,TARGET,8,2.43,6.65,-1.12,
2023-09-22,448.0,443.46,448.0,461.0,434.37,2.9,0.95,4.54,MEDIUM,-0.73,-0.42,,2.82,1.014,0,0.0,TARGET,7,2.9,7.14,-0.67,
2023-09-25,452.0,447.09,452.0,461.0,437.26,1.99,0.61,4.91,MEDIUM,0.11,2.73,,1.95,1.087,0,0.0,TARGET,6,1.99,6.19,-1.11,
2023-09-26,459.0,453.75,459.0,461.0,443.24,0.44,0.13,5.25,MEDIUM,1.32,4.56,,0.43,1.145,0,0.0,TARGET,5,0.44,4.58,-2.61,
2023-09-27,456.0,450.39,456.0,461.0,439.16,1.1,0.3,5.61,MEDIUM,0.23,2.47,,1.08,1.231,0,0.0,TARGET,4,1.1,5.26,-1.97,
2023-10-02,452.0,446.17,452.0,461.0,434.51,1.99,0.51,5.83,MEDIUM,0.67,2.73,,1.95,1.29,0,0.0,TARGET,3,1.99,6.19,-1.11,
2023-10-03,449.5,443.74,449.5,461.0,432.23,2.56,0.67,5.76,MEDIUM,-1.83,1.47,,2.49,1.281,0,0.0,TARGET,2,2.56,6.79,-0.56,
2023-10-04,447.2,441.58,447.2,461.0,430.35,3.09,0.82,5.62,MEDIUM,-1.71,0.72,,2.99,1.256,0,0.0,TARGET,1,3.09,7.33,1.07,
2023-10-05,474.0,466.96,474.0,474.0,452.89,0.0,0.0,7.04,MEDIUM,4.87,10.17,,0.0,1.484,0,0.0,TARGET,1,0.0,1.27,-4.64,
2023-10-06,472.0,464.25,472.0,474.0,448.74,0.42,0.09,7.75,MEDIUM,4.77,8.51,,0.42,1.643,0,0.0,EXPIRED,20,-2.54,0.0,-4.24,
2023-10-09,465.0,456.75,465.0,474.0,440.26,1.94,0.36,8.25,MEDIUM,4.02,5.73,16.25,1.9,1.773,0,0.0,EXPIRED,20,-0.43,1.51,-2.8,
2023-10-10,465.0,456.78,465.0,474.0,440.35,1.94,0.37,8.22,MEDIUM,4.14,6.29,16.25,1.9,1.767,0,0.0,EXPIRED,20,-0.43,1.51,-2.8,
2023-10-11,470.0,460.65,470.0,474.0,441.95,0.85,0.14,9.35,MEDIUM,6.46,8.55,16.34,0.84,1.989,0,0.0,EXPIRED,20,-2.13,0.43,-3.83,
2023-10-12,470.0,460.66,470.0,474.0,441.98,0.85,0.14,9.34,MEDIUM,7.18,8.55,17.5,0.84,1.987,0,0.0,EXPIRED,20,-2.55,0.43,-3.83,
2023-10-13,472.0,462.75,472.0,474.0,444.26,0.42,0.07,9.25,MEDIUM,7.26,9.01,17.99,0.42,1.959,0,0.0,EXPIRED,20,-2.89,-0.21,-4.24,
2023-10-16,468.3,458.8,468.3,474.0,439.79,1.22,0.2,9.5,MEDIUM,6.19,7.53,17.08,1.2,2.029,0,0.0,EXPIRED,20,-1.77,0.58,-3.48,
2023-10-17,468.05,458.85,468.05,474.0,440.44,1.27,0.22,9.2,MEDIUM,6.16,7.6,15.85,1.26,1.966,0,0.0,EXPIRED,20,-1.72,0.63,-3.43,
2023-10-18,470.0,461.2,470.0,474.0,443.59,0.85,0.15,8.8,MEDIUM,6.46,7.51,17.49,0.84,1.873,0,0.0,EXPIRED,20,-1.06,0.21,-3.83,
2023-10-19,470.0,461.42,470.0,474.0,444.25,0.85,0.16,8.58,MEDIUM,6.12,7.29,17.5,0.84,1.826,0,0.0,EXPIRED,20,-0.64,0.0,-3.83,
2023-10-20,470.0,461.83,470.0,474.0,445.49,0.85,0.16,8.17,MEDIUM,5.72,6.33,17.49,0.84,1.739,0,0.0,EXPIRED,20,0.0,0.0,-3.83,
2023-10-23,470.0,461.81,470.0,474.0,445.42,0.85,0.16,8.19,MEDIUM,4.42,5.84,17.47,0.84,1.743,0,0.0,EXPIRED,20,0.0,0.43,-3.83,
2023-10-24,467.05,458.93,467.05,474.0,442.69,1.49,0.29,8.12,MEDIUM,3.78,4.91,16.76,1.47,1.739,0,0.0,EXPIRED,20,0.45,1.06,-3.22,
2023-10-25,466.1,459.68,466.1,474.0,446.84,1.69,0.41,6.42,MEDIUM,4.04,4.95,16.51,1.67,1.378,0,0.0,EXPIRED,20,-0.02,1.27,-3.03,
2023-10-26,465.0,459.53,465.0,474.0,448.6,1.94,0.55,5.47,MEDIUM,2.88,3.81,16.25,1.9,1.176,0,0.0,EXPIRED,20,0.49,1.51,-2.8,
2023-10-27,463.0,457.95,463.0,474.0,447.86,2.38,0.73,5.05,MEDIUM,0.87,3.81,15.17,2.32,1.09,0,0.0,EXPIRED,20,-0.65,1.94,-2.38,
2023-10-30,453.0,447.35,453.0,474.0,436.06,4.64,1.24,5.65,MEDIUM,-0.66,0.55,11.85,4.43,1.246,0,0.0,EXPIRED,20,0.96,4.19,-0.22,
2023-10-31,464.15,458.89,464.15,474.0,448.38,2.12,0.62,5.26,MEDIUM,2.69,2.69,15.98,2.08,1.133,0,0.0,EXPIRED,20,-1.1,1.69,-2.62,
2023-11-01,465.0,459.31,465.0,474.0,447.92,1.94,0.53,5.69,MEDIUM,3.45,2.2,15.38,1.9,1.224,0,0.0,EXPIRED,20,-1.51,1.51,-2.14,
2023-11-02,461.1,455.12,461.1,474.0,443.18,2.8,0.72,5.97,MEDIUM,3.11,0.24,13.88,2.72,1.296,0,0.0,EXPIRED,20,-0.67,2.36,-1.29,
2023-11-03,460.0,453.94,460.0,474.0,441.82,3.04,0.77,6.06,MEDIUM,-2.95,-0.22,14.97,2.95,1.318,0,0.0,EXPIRED,20,-0.91,2.61,-1.03,
2023-11-07,463.0,456.72,463.0,474.0,444.15,2.38,0.58,6.28,MEDIUM,-1.91,1.42,16.04,2.32,1.357,0,0.0,EXPIRED,20,-1.08,1.94,-2.81,
2023-11-08,463.0,456.74,463.0,474.0,444.22,2.38,0.59,6.26,MEDIUM,-0.43,1.75,16.33,2.32,1.352,0,0.0,EXPIRED,20,-1.08,1.94,-2.81,
2023-11-09,460.0,453.53,460.0,474.0,440.59,3.04,0.72,6.47,MEDIUM,-1.08,2.0,15.56,2.95,1.407,0,0.0,EXPIRED,20,0.22,2.61,-2.17,
2023-11-10,458.0,453.0,458.0,474.0,440.07,3.49,0.89,6.46,MEDIUM,-2.55,1.72,15.66,3.38,1.411,0,0.0,EXPIRED,20,0.95,3.06,-1.75,
2023-11-13,458.35,453.0,458.35,474.0,440.03,3.41,0.85,6.49,MEDIUM,-2.48,2.29,15.74,3.3,1.415,0,0.0,EXPIRED,20,0.59,2.98,-1.82,
2023-11-14,460.0,453.44,460.0,474.0,440.33,3.04,0.71,6.56,MEDIUM,-2.54,2.24,15.72,2.95,1.425,0,0.0,EXPIRED,20,0.65,2.61,-2.17,
2023-11-15,460.0,453.38,460.0,474.0,440.14,3.04,0.7,6.62,MEDIUM,-1.77,3.12,15.58,2.95,1.439,0,0.0,EXPIRED,20,1.77,2.61,-2.17,
2023-11-16,465.0,458.02,465.0,474.0,444.05,1.94,0.43,6.98,MEDIUM,-0.65,4.0,14.53,1.9,1.502,0,0.0,EXPIRED,20,1.04,1.51,-3.23,
2023-11-17,467.0,459.81,467.0,474.0,445.42,1.5,0.32,7.19,MEDIUM,-0.64,3.78,15.31,1.48,1.54,0,0.0,EXPIRED,20,0.0,1.07,-3.64,
2023-11-20,470.0,463.37,470.0,474.0,450.1,0.85,0.2,6.63,MEDIUM,0.0,4.44,14.08,0.84,1.411,0,0.0,STOP,11,-4.23,0.43,-4.26,
2023-11-21,470.0,464.09,470.0,474.0,452.26,0.85,0.23,5.91,MEDIUM,0.0,4.33,15.2,0.84,1.258,0,0.0,STOP,10,-3.77,0.43,-4.26,
2023-11-22,469.15,463.96,469.15,474.0,453.58,1.03,0.31,5.19,MEDIUM,-0.18,4.12,15.84,1.02,1.106,0,0.0,STOP,9,-3.32,0.19,-4.08,
2023-11-23,466.0,461.09,466.0,474.0,451.28,1.72,0.54,4.91,MEDIUM,-0.22,3.33,14.08,1.69,1.053,0,0.0,STOP,8,-3.16,0.87,-3.43,
2023-11-24,467.3,462.62,467.3,474.0,453.25,1.43,0.48,4.68,MEDIUM,0.26,3.55,14.56,1.41,1.002,0,0.0,STOP,7,-3.01,0.59,-3.7,
2023-11-27,460.0,455.15,460.0,474.0,445.44,3.04,0.96,4.85,MEDIUM,-1.08,1.88,12.75,2.95,1.055,0,0.0,EXPIRED,20,1.74,2.18,-2.17,
2023-11-28,457.35,457.35,457.35,474.0,447.52,3.64,1.69,4.91,MEDIUM,-1.22,0.96,7.99,3.51,1.075,0,0.0,EXPIRED,20,1.45,2.78,-1.61,
2023-11-29,459.05,457.35,459.05,474.0,447.69,3.26,1.32,4.83,MEDIUM,1.34,0.9,9.81,3.15,1.052,0,0.0,EXPIRED,20,0.64,2.4,-1.97,
2023-11-30,458.0,457.35,458.0,474.0,447.52,3.49,1.53,4.91,MEDIUM,-1.33,2.0,7.51,3.38,1.073,0,0.0,EXPIRED,20,1.31,2.63,-1.75,
2023-12-01,458.0,457.35,458.0,474.0,447.26,3.49,1.49,5.04,MEDIUM,-1.51,0.02,7.76,3.38,1.101,0,0.0,EXPIRED,20,0.44,2.63,-1.75,
2023-12-04,455.8,455.8,455.8,474.0,445.36,3.99,1.74,5.22,MEDIUM,-1.15,0.18,6.96,3.84,1.146,0,0.0,EXPIRED,20,1.47,3.13,-1.27,
2023-12-05,458.0,455.8,458.0,474.0,444.49,3.49,1.18,5.66,MEDIUM,-0.43,1.33,7.13,3.38,1.235,0,0.0,EXPIRED,20,1.57,2.63,-1.75,
2023-12-06,458.0,455.8,458.0,474.0,444.16,3.49,1.16,5.82,MEDIUM,-1.08,1.66,7.16,3.38,1.271,0,0.0,EXPIRED,20,2.1,2.63,-0.66,
2023-12-07,461.0,455.8,461.0,474.0,444.29,2.82,0.78,5.75,MEDIUM,-0.43,3.12,5.98,2.74,1.248,0,0.0,EXPIRED,20,1.95,2.17,-0.86,
2023-12-08,462.35,456.43,462.35,474.0,444.6,2.52,0.66,5.92,MEDIUM,0.51,3.55,8.09,2.46,1.28,0,0.0,EXPIRED,20,1.65,1.87,-0.9,
2023-12-11,461.05,455.8,461.05,474.0,443.66,2.81,0.74,6.07,MEDIUM,0.67,4.43,7.47,2.73,1.317,0,0.0,TARGET,20,2.81,3.05,-0.23,
2023-12-12,463.0,456.93,463.0,474.0,444.79,2.38,0.6,6.07,MEDIUM,1.01,5.59,8.86,2.32,1.311,0,0.0,TARGET,19,2.38,2.81,-0.65,
2023-12-13,468.15,462.14,468.15,474.0,450.12,1.25,0.32,6.01,MEDIUM,1.77,6.39,9.64,1.23,1.284,0,0.0,TARGET,18,1.25,2.53,-1.74,
2023-12-14,469.85,463.9,469.85,474.0,452.01,0.88,0.23,5.95,MEDIUM,2.14,6.54,9.52,0.88,1.266,0,0.0,TARGET,17,0.88,2.16,-2.1,
2023-12-15,467.0,461.37,467.0,474.0,450.11,1.5,0.41,5.63,MEDIUM,0.43,5.92,9.83,1.48,1.205,0,0.0,TARGET,16,1.5,2.78,-1.5,
2023-12-18,470.0,464.36,470.0,474.0,453.07,0.85,0.24,5.64,MEDIUM,0.64,6.46,9.56,0.84,1.201,0,0.0,TARGET,15,0.85,3.14,-2.13,
2023-12-19,470.0,464.26,470.0,474.0,452.79,0.85,0.23,5.74,MEDIUM,0.0,6.12,8.06,0.84,1.22,0,0.0,TARGET,14,0.85,3.62,-2.13,
2023-12-20,469.5,463.71,469.5,474.0,452.13,0.96,0.26,5.79,MEDIUM,-0.11,5.61,7.19,0.95,1.233,0,0.0,TARGET,13,0.96,4.15,-2.02,
2023-12-21,468.0,462.42,468.0,474.0,451.25,1.28,0.36,5.58,MEDIUM,-0.25,3.98,6.36,1.27,1.193,0,0.0,TARGET,12,1.28,4.49,-1.71,
2023-12-22,468.0,462.6,468.0,474.0,451.81,1.28,0.37,5.4,MEDIUM,0.43,3.99,6.48,1.27,1.153,0,0.0,TARGET,11,1.28,4.49,-1.71,
2023-12-25,468.0,463.04,468.0,474.0,453.11,1.28,0.4,4.96,MEDIUM,0.15,4.46,4.02,1.27,1.061,0,0.0,TARGET,10,1.28,4.49,-1.71,
2023-12-26,464.0,459.46,464.0,474.0,450.39,2.16,0.73,4.54,MEDIUM,0.87,2.65,5.45,2.11,0.978,0,0.0,TARGET,9,2.16,5.39,-0.86,
2023-12-27,462.0,457.61,462.0,474.0,448.82,2.6,0.91,4.39,MEDIUM,1.02,0.65,5.24,2.53,0.951,0,0.0,TARGET,8,2.6,5.84,-0.43,
2023-12-28,464.0,459.81,464.0,474.0,451.42,2.16,0.8,4.19,MEDIUM,1.08,1.75,4.27,2.11,0.904,0,0.0,TARGET,7,2.16,5.39,-0.86,
2023-12-29,460.0,455.8,460.0,474.0,447.15,3.04,1.09,4.33,MEDIUM,0.44,1.77,4.55,2.95,0.94,0,0.0,TARGET,6,3.04,6.3,0.0,
2024-01-02,462.5,458.2,462.5,474.0,449.6,2.49,0.89,4.3,MEDIUM,0.98,2.89,4.4,2.43,0.93,0,0.0,TARGET,5,2.49,5.73,-0.51,
2024-01-03,465.2,460.91,465.2,474.0,452.32,1.89,0.68,4.29,MEDIUM,2.06,4.03,4.77,1.86,0.923,0,0.0,TARGET,4,1.89,5.12,-0.32,
2024-01-04,467.6,463.44,467.6,474.0,455.13,1.37,0.51,4.16,MEDIUM,2.1,-1.35,8.68,1.35,0.889,0,0.0,TARGET,3,1.37,4.58,-0.43,
2024-01-05,470.0,465.73,470.0,474.0,457.2,0.85,0.31,4.27,MEDIUM,2.62,-0.42,8.05,0.84,0.908,0,0.0,TARGET,2,0.85,4.04,-0.72,
2024-01-08,470.0,465.7,470.0,474.0,457.11,0.85,0.31,4.3,MEDIUM,1.95,1.08,6.87,0.84,0.914,0,0.0,TARGET,1,0.85,5.11,-0.28,
2024-01-09,475.1,470.84,475.1,475.1,462.33,0.0,0.0,4.26,MEDIUM,2.76,2.17,8.59,0.0,0.896,0,0.0,TARGET,1,0.0,4.19,-0.37,
2024-01-10,476.0,471.88,476.0,476.0,463.65,0.0,0.0,4.12,MEDIUM,3.24,1.28,9.93,0.0,0.865,0,0.0,TARGET,1,0.0,5.46,0.01,
2024-01-12,480.0,475.74,480.0,480.0,467.22,0.0,0.0,4.26,MEDIUM,3.67,2.13,10.85,0.0,0.888,0,0.0,TARGET,3,0.0,5.1,-0.82,
2024-01-15,476.25,471.99,476.25,480.0,463.46,0.79,0.29,4.26,MEDIUM,1.73,0.9,9.99,0.78,0.895,0,0.0,TARGET,2,0.79,6.04,-0.04,
2024-01-16,478.0,473.88,478.0,480.0,465.64,0.42,0.16,4.12,MEDIUM,1.73,2.07,9.76,0.42,0.862,0,0.0,TARGET,1,0.42,5.65,-0.28,
2024-01-17,481.2,476.86,481.2,481.2,468.17,0.0,0.0,4.34,MEDIUM,3.04,2.81,10.62,0.0,0.903,0,0.0,TARGET,1,0.0,5.15,-0.6,
2024-01-18,486.0,481.44,486.0,486.0,472.33,0.0,0.0,4.56,MEDIUM,3.4,3.4,11.17,0.0,0.938,0,0.0,TARGET,1,0.0,4.12,-1.58,
2024-01-19,486.55,481.81,486.55,486.55,472.34,0.0,0.0,4.74,MEDIUM,3.52,3.52,11.07,0.0,0.973,0,0.0,TARGET,1,0.0,4.0,-1.7,
2024-01-22,485.05,480.57,485.05,486.55,471.61,0.31,0.11,4.48,MEDIUM,3.31,3.2,9.74,0.31,0.923,0,0.0,TARGET,10,0.31,4.53,-1.39,
2024-01-23,485.1,480.76,485.1,486.55,472.09,0.3,0.11,4.34,MEDIUM,3.65,3.21,9.24,0.3,0.894,0,0.0,TARGET,9,0.3,4.51,-1.4,
2024-01-24,485.0,480.89,485.0,486.55,472.66,0.32,0.13,4.11,MEDIUM,3.63,3.84,8.94,0.32,0.848,0,0.0,TARGET,8,0.32,6.16,-1.38,
2024-01-25,485.0,481.07,485.0,486.55,473.23,0.32,0.13,3.92,MEDIUM,3.63,4.05,9.21,0.32,0.809,0,0.0,TARGET,7,0.32,6.16,-1.38,
2024-01-26,484.0,480.11,484.0,486.55,472.34,0.53,0.22,3.89,MEDIUM,4.31,4.09,8.05,0.52,0.803,0,0.0,TARGET,6,0.53,6.38,-1.18,
2024-01-29,480.5,476.68,480.5,486.55,469.04,1.26,0.53,3.82,MEDIUM,4.0,3.78,7.74,1.24,0.795,0,0.0,TARGET,5,1.26,7.18,-0.46,
2024-01-30,482.0,478.34,482.0,486.55,471.01,0.94,0.41,3.66,MEDIUM,3.88,6.4,6.99,0.94,0.76,0,0.0,TARGET,4,0.94,6.85,0.0,
2024-01-31,485.0,481.31,485.0,486.55,473.93,0.32,0.14,3.69,MEDIUM,5.43,4.49,7.3,0.32,0.761,0,0.0,TARGET,3,0.32,7.22,-0.31,
2024-02-01,485.0,481.49,485.0,486.55,474.47,0.32,0.15,3.51,MEDIUM,4.86,4.3,6.59,0.32,0.724,0,0.0,TARGET,2,0.32,7.22,-0.28,
2024-02-02,485.0,481.68,485.0,486.55,475.04,0.32,0.16,3.32,MEDIUM,4.26,5.18,5.43,0.32,0.685,0,0.0,TARGET,1,0.32,7.22,-0.28,
2024-02-05,487.0,483.58,487.0,487.0,476.74,0.0,0.0,3.42,MEDIUM,4.15,5.87,5.64,0.0,0.703,0,0.0,TARGET,1,0.0,6.78,0.0,
2024-02-06,494.0,490.66,494.0,494.0,483.97,0.0,0.0,3.34,MEDIUM,5.11,6.7,8.21,0.0,0.677,0,0.0,TARGET,1,0.0,5.26,-0.56,
2024-02-07,492.6,489.49,492.6,494.0,483.27,0.28,0.15,3.11,MEDIUM,4.81,6.39,8.25,0.28,0.631,0,0.0,TARGET,1,0.28,5.56,-0.18,
2024-02-08,500.0,496.51,500.0,500.0,489.53,0.0,0.0,3.49,MEDIUM,5.24,8.7,10.86,0.0,0.698,0,0.0,TARGET,1,0.0,4.0,-1.6,
2024-02-09,504.5,500.86,504.5,504.5,493.58,0.0,0.0,3.64,MEDIUM,5.99,10.15,12.05,0.0,0.721,0,0.0,TARGET,1,0.0,3.07,-2.48,
2024-02-12,502.0,498.07,502.0,504.5,490.2,0.5,0.21,3.93,MEDIUM,4.58,9.52,12.03,0.5,0.783,0,0.0,TARGET,2,0.5,3.59,-2.39,
2024-02-13,503.6,499.69,503.6,504.5,491.88,0.18,0.08,3.91,MEDIUM,5.74,9.48,11.94,0.18,0.776,0,0.0,TARGET,1,0.18,3.26,-2.7,
2024-02-14,504.3,500.31,504.3,504.5,492.33,0.04,0.02,3.99,MEDIUM,5.5,9.63,13.05,0.04,0.791,0,0.0,TARGET,1,0.04,3.11,-2.84,
2024-02-15,503.1,499.33,503.1,504.5,491.79,0.28,0.12,3.77,MEDIUM,4.55,8.19,12.53,0.28,0.75,0,0.0,TARGET,1,0.28,3.36,-2.6,
2024-02-16,505.0,501.14,505.0,505.0,493.41,0.0,0.0,3.86,MEDIUM,3.91,8.14,12.22,0.0,0.765,0,0.0,TARGET,1,0.0,2.97,-2.97,
2024-02-19,507.0,503.29,507.0,507.0,495.88,0.0,0.0,3.71,MEDIUM,4.2,7.87,12.67,0.0,0.731,0,0.0,TARGET,1,0.0,2.56,-3.35,
2024-02-20,507.0,503.44,507.0,507.0,496.31,0.0,0.0,3.56,MEDIUM,4.53,7.87,12.54,0.0,0.703,0,0.0,TARGET,1,0.0,2.56,-3.35,
2024-02-21,510.4,506.38,510.4,510.4,498.34,0.0,0.0,4.02,MEDIUM,5.22,8.79,13.27,0.0,0.788,0,0.0,TARGET,1,0.0,1.88,-4.0,
2024-02-22,512.0,507.89,512.0,512.0,499.66,0.0,0.0,4.11,MEDIUM,5.57,9.87,13.53,0.0,0.804,0,0.0,TARGET,1,0.0,1.56,-4.3,
2024-02-23,514.9,510.73,514.9,514.9,502.4,0.0,0.0,4.17,MEDIUM,6.16,10.19,14.09,0.0,0.809,0,0.0,TARGET,1,0.0,0.99,-4.84,
2024-02-26,515.0,511.2,515.0,515.0,503.61,0.0,0.0,3.8,MEDIUM,6.4,11.96,14.06,0.0,0.737,0,0.0,TARGET,1,0.0,0.97,-4.85,
2024-02-27,514.5,510.9,514.5,515.0,503.7,0.1,0.05,3.6,MEDIUM,7.08,12.5,13.58,0.1,0.7,0,0.0,TARGET,1,0.1,1.07,-4.76,
2024-02-28,514.5,511.24,514.5,515.0,504.73,0.1,0.05,3.26,MEDIUM,6.74,12.08,13.09,0.1,0.633,0,0.0,TARGET,1,0.1,0.1,-4.76,
2024-02-29,505.0,501.35,505.0,515.0,494.05,1.98,0.91,3.65,MEDIUM,4.12,10.26,12.47,1.94,0.723,1,100.0,STOP,5,-2.17,1.78,-2.97,
2024-03-01,504.5,500.44,504.5,515.0,492.31,2.08,0.86,4.06,MEDIUM,4.02,10.15,10.18,2.04,0.806,1,100.0,STOP,4,-2.42,1.88,-2.87,
2024-03-04,500.0,495.53,500.0,515.0,486.59,3.0,1.12,4.47,MEDIUM,3.09,9.7,9.89,2.91,0.894,1,100.0,EXPIRED,20,0.8,2.8,-2.0,
2024-03-05,500.0,495.2,500.0,515.0,485.6,3.0,1.04,4.8,MEDIUM,2.67,9.17,10.62,2.91,0.96,1,100.0,EXPIRED,20,0.82,2.8,-2.0,
2024-03-06,497.0,497.0,497.0,515.0,486.96,3.62,1.79,5.02,MEDIUM,0.61,8.52,10.32,3.5,1.01,1,100.0,EXPIRED,20,2.09,3.42,-1.41,
2024-03-07,492.4,492.4,492.4,515.0,482.33,4.59,2.24,5.04,MEDIUM,-0.04,6.81,10.14,4.39,1.023,1,100.0,EXPIRED,20,2.97,4.39,-0.49,
2024-03-08,495.0,492.4,495.0,515.0,482.21,4.04,1.56,5.09,MEDIUM,-1.0,7.06,10.86,3.88,1.029,1,100.0,EXPIRED,20,2.02,3.84,-1.01,
2024-03-11,492.0,492.0,492.0,515.0,481.23,4.67,2.14,5.39,MEDIUM,-2.48,6.71,11.44,4.47,1.095,1,100.0,EXPIRED,20,3.05,4.47,0.0,
2024-03-12,493.0,492.0,493.0,515.0,481.93,4.46,1.99,5.04,MEDIUM,-1.79,6.48,12.43,4.27,1.021,1,100.0,EXPIRED,20,3.25,4.26,0.02,
2024-03-13,501.1,495.67,501.1,515.0,484.81,2.77,0.85,5.43,MEDIUM,-0.5,7.04,13.87,2.7,1.083,1,100.0,EXPIRED,20,0.92,2.57,-1.2,
2024-03-14,507.0,501.38,507.0,515.0,490.14,1.58,0.47,5.62,MEDIUM,0.54,7.91,14.97,1.55,1.109,0,0.0,EXPIRED,20,-0.37,1.38,-2.35,
2024-03-15,514.0,508.01,514.0,515.0,496.02,0.19,0.06,5.99,MEDIUM,2.17,10.06,16.58,0.19,1.166,0,0.0,STOP,2,-3.5,0.0,-3.68,
2024-03-18,510.0,503.55,510.0,515.0,490.65,0.98,0.26,6.45,MEDIUM,0.99,8.51,15.52,0.97,1.265,0,0.0,EXPIRED,20,-0.78,0.39,-2.92,
2024-03-19,507.0,499.88,507.0,515.0,485.64,1.58,0.37,7.12,MEDIUM,0.0,7.87,14.47,1.55,1.405,0,0.0,EXPIRED,20,-0.39,0.99,-1.34,
2024-03-20,503.6,496.91,503.6,515.0,483.52,2.26,0.57,6.69,MEDIUM,-0.67,7.26,13.28,2.21,1.329,0,0.0,EXPIRED,20,0.08,1.67,-0.68,
2024-03-21,504.6,498.4,504.6,515.0,486.0,2.06,0.56,6.2,MEDIUM,-1.14,7.82,12.11,2.02,1.229,0,0.0,EXPIRED,20,-0.79,1.47,-0.91,
2024-03-22,504.7,498.92,504.7,515.0,487.36,2.04,0.59,5.78,MEDIUM,-1.43,7.84,12.14,2.0,1.145,0,0.0,EXPIRED,20,-0.53,1.45,-1.53,
2024-03-25,502.0,496.38,502.0,515.0,485.14,2.59,0.77,5.62,MEDIUM,-2.51,7.26,12.05,2.52,1.12,0,0.0,EXPIRED,20,0.2,1.99,-1.0,
2024-03-26,503.5,498.12,503.5,515.0,487.36,2.28,0.71,5.38,MEDIUM,-2.23,8.51,11.39,2.23,1.068,0,0.0,EXPIRED,20,0.3,1.69,-1.29,
2024-03-27,506.9,501.54,506.9,515.0,490.83,1.6,0.5,5.36,MEDIUM,-1.48,9.72,10.44,1.57,1.057,0,0.0,EXPIRED,20,-0.97,1.01,-1.95,
2024-03-28,508.0,502.56,508.0,515.0,491.67,1.38,0.43,5.44,MEDIUM,-1.26,9.48,11.4,1.36,1.071,0,0.0,EXPIRED,20,-1.26,0.79,-2.17,
2024-03-29,507.9,502.54,507.9,515.0,491.83,1.4,0.44,5.36,MEDIUM,0.57,10.41,12.37,1.38,1.055,0,0.0,EXPIRED,20,-1.18,0.81,-2.15,
2024-04-01,504.0,498.58,504.0,515.0,487.74,2.18,0.68,5.42,MEDIUM,-0.1,8.97,12.12,2.14,1.076,0,0.0,EXPIRED,20,0.97,1.59,-1.39,
2024-04-02,504.1,498.99,504.1,515.0,488.76,2.16,0.71,5.11,MEDIUM,0.82,8.36,12.72,2.12,1.015,0,0.0,EXPIRED,20,0.18,1.57,-1.41,
2024-04-03,507.4,502.35,507.4,515.0,492.25,1.5,0.5,5.05,MEDIUM,1.48,8.51,7.05,1.48,0.995,0,0.0,EXPIRED,20,0.43,0.91,-2.05,
2024-04-04,507.0,502.21,507.0,515.0,492.64,1.58,0.56,4.79,MEDIUM,2.01,7.87,7.42,1.55,0.944,0,0.0,EXPIRED,20,1.01,1.18,-1.97,
2024-04-05,505.0,500.54,505.0,515.0,491.61,1.98,0.75,4.46,MEDIUM,2.56,7.45,8.6,1.94,0.884,0,0.0,TARGET,20,1.98,2.77,-1.58,
2024-04-08,507.0,503.31,507.0,515.0,495.94,1.58,0.72,3.69,MEDIUM,2.42,6.71,9.03,1.55,0.727,0,0.0,TARGET,19,1.58,2.54,-1.97,
2024-04-09,509.0,505.1,509.0,515.0,497.3,1.18,0.51,3.9,MEDIUM,3.46,6.93,8.3,1.17,0.766,0,0.0,STOP,8,-2.3,2.14,-2.36,
2024-04-15,505.7,502.0,505.7,515.0,494.13,1.84,0.8,3.94,MEDIUM,2.58,5.35,7.6,1.81,0.778,0,0.0,TARGET,17,1.84,2.81,-1.72,
2024-04-16,505.1,502.0,505.1,515.0,494.04,1.96,0.9,3.98,MEDIUM,0.8,6.06,7.01,1.92,0.788,0,0.0,TARGET,16,1.96,2.93,-1.6,
2024-04-17,506.1,502.39,506.1,515.0,494.96,1.76,0.8,3.71,MEDIUM,-0.18,5.88,8.07,1.73,0.734,0,0.0,TARGET,15,1.76,2.73,-1.8,
2024-04-18,506.0,502.01,506.0,515.0,494.02,1.78,0.75,3.99,MEDIUM,-1.56,5.15,8.11,1.75,0.789,0,0.0,TARGET,14,1.78,2.75,-1.78,
2024-04-19,505.0,502.0,505.0,515.0,494.4,1.98,0.94,3.8,MEDIUM,-0.98,3.91,7.45,1.94,0.752,0,0.0,TARGET,13,1.98,2.95,-1.58,
2024-04-22,504.0,502.0,504.0,515.0,494.83,2.18,1.2,3.59,MEDIUM,-0.59,3.59,7.23,2.14,0.711,0,0.0,TARGET,12,2.18,3.15,-1.39,
2024-04-23,500.6,500.6,500.6,515.0,493.41,2.88,2.0,3.59,MEDIUM,-0.6,3.21,6.51,2.8,0.718,0,0.0,TARGET,11,2.88,3.86,-0.72,
2024-04-24,502.0,500.6,502.0,515.0,493.13,2.59,1.47,3.74,MEDIUM,-0.52,3.48,6.81,2.52,0.744,0,0.0,TARGET,10,2.59,3.57,-1.0,
2024-04-25,503.0,500.6,503.0,515.0,492.84,2.39,1.18,3.88,MEDIUM,-0.34,3.71,7.7,2.33,0.771,0,0.0,TARGET,9,2.39,3.36,-1.19,
2024-04-26,505.0,500.83,505.0,515.0,492.49,1.98,0.8,4.17,MEDIUM,0.6,4.12,8.35,1.94,0.826,0,0.0,TARGET,8,1.98,2.95,-1.27,
2024-04-29,502.0,500.6,502.0,515.0,491.53,2.59,1.24,4.54,MEDIUM,-0.3,3.72,7.96,2.52,0.904,0,0.0,TARGET,7,2.59,3.57,-0.52,
2024-04-30,501.6,500.6,501.6,515.0,491.14,2.67,1.28,4.73,MEDIUM,-1.05,4.39,8.34,2.6,0.943,0,0.0,TARGET,6,2.67,4.07,-0.1,
2024-05-02,501.9,500.6,501.9,515.0,491.24,2.61,1.23,4.68,MEDIUM,-1.2,4.13,10.79,2.54,0.932,0,0.0,TARGET,5,2.61,4.0,-0.16,
2024-05-03,508.9,504.16,508.9,515.0,494.69,1.2,0.43,4.74,MEDIUM,0.2,4.93,9.64,1.18,0.931,0,0.0,TARGET,4,1.2,2.57,-1.36,
2024-05-06,505.0,500.6,505.0,515.0,490.86,1.98,0.71,4.87,MEDIUM,0.2,4.12,8.6,1.94,0.965,0,0.0,TARGET,3,1.98,3.37,-0.59,
2024-05-07,509.6,504.33,509.6,515.0,493.79,1.06,0.34,5.27,MEDIUM,1.09,5.07,10.52,1.05,1.034,0,0.0,TARGET,2,1.06,2.43,-0.69,
2024-05-08,512.1,506.66,512.1,515.0,495.79,0.57,0.18,5.44,MEDIUM,0.93,5.15,11.33,0.56,1.061,0,0.0,TARGET,1,0.57,1.93,-1.17,
2024-05-09,517.7,512.02,517.7,517.7,500.66,0.0,0.0,5.68,MEDIUM,2.11,4.8,11.81,0.0,1.097,0,0.0,TARGET,1,0.0,0.83,-2.24,
2024-05-10,513.0,506.97,513.0,517.7,494.91,0.92,0.26,6.03,MEDIUM,1.58,4.14,10.8,0.91,1.175,0,0.0,TARGET,9,0.92,1.75,-1.35,
2024-05-13,513.8,507.7,513.8,517.7,495.5,0.76,0.21,6.1,MEDIUM,1.34,2.76,11.7,0.75,1.187,0,0.0,TARGET,8,0.76,1.6,-1.5,
2024-05-14,513.0,506.77,513.0,517.7,494.31,0.92,0.25,6.23,MEDIUM,0.79,1.68,12.01,0.91,1.214,0,0.0,TARGET,7,0.92,1.75,-1.35,
2024-05-15,510.0,503.98,510.0,517.7,491.94,1.51,0.43,6.02,MEDIUM,0.85,1.59,11.27,1.49,1.181,0,0.0,TARGET,6,1.51,2.35,-0.76,
2024-05-16,508.4,502.52,508.4,517.7,490.76,1.83,0.53,5.88,MEDIUM,0.65,0.95,10.52,1.8,1.156,0,0.0,TARGET,5,1.83,2.68,-0.45,
2024-05-17,508.5,503.26,508.5,517.7,492.77,1.81,0.58,5.24,MEDIUM,0.47,0.83,10.54,1.78,1.031,0,0.0,TARGET,4,1.81,2.65,-0.47,
2024-05-20,507.7,502.78,507.7,517.7,492.94,1.97,0.68,4.92,MEDIUM,0.34,0.91,9.18,1.93,0.969,0,0.0,TARGET,3,1.97,2.82,-0.32,
2024-05-21,507.8,503.03,507.8,517.7,493.49,1.95,0.69,4.77,MEDIUM,0.55,0.55,8.74,1.91,0.94,0,0.0,TARGET,2,1.95,2.8,-0.33,
2024-05-22,514.9,509.86,514.9,517.7,499.77,0.54,0.19,5.04,MEDIUM,2.16,1.56,9.55,0.54,0.979,0,0.0,TARGET,1,0.54,1.38,-1.71,
2024-05-23,510.5,505.37,510.5,517.7,495.11,1.41,0.47,5.13,MEDIUM,1.98,0.69,8.62,1.39,1.005,0,0.0,TARGET,4,1.41,2.25,-0.86,
2024-05-24,508.1,502.97,508.1,517.7,492.71,1.89,0.62,5.13,MEDIUM,1.22,-0.45,8.3,1.85,1.009,0,0.0,TARGET,3,1.89,3.52,-0.39,
2024-05-27,506.9,502.04,506.9,517.7,492.31,2.13,0.74,4.86,MEDIUM,0.78,-1.0,8.78,2.09,0.96,0,0.0,TARGET,2,2.13,3.77,0.0,
2024-05-28,514.0,508.8,514.0,517.7,498.4,0.72,0.24,5.2,MEDIUM,1.78,-0.17,9.99,0.71,1.012,0,0.0,TARGET,1,0.72,2.33,-1.34,
2024-05-29,515.5,509.86,515.5,517.7,498.59,0.43,0.13,5.64,MEDIUM,2.69,0.1,12.07,0.42,1.093,0,0.0,TARGET,1,0.43,2.04,-1.45,
2024-05-30,512.0,506.36,512.0,517.7,495.07,1.11,0.34,5.64,MEDIUM,2.07,-0.49,11.95,1.1,1.102,0,0.0,TARGET,2,1.11,2.73,-0.78,
2024-05-31,515.0,509.01,515.0,517.7,497.02,0.52,0.15,5.99,MEDIUM,2.61,0.1,12.19,0.52,1.164,0,0.0,TARGET,1,0.52,2.14,-1.36,
2024-06-03,515.0,508.92,515.0,517.7,496.76,0.52,0.15,6.08,MEDIUM,1.2,1.98,12.45,0.52,1.18,0,0.0,TARGET,14,0.52,2.14,-1.36,
2024-06-04,512.0,506.9,512.0,517.7,494.6,1.11,0.33,6.15,MEDIUM,1.39,1.49,11.79,1.1,1.201,0,0.0,TARGET,13,1.11,2.73,-0.78,
2024-06-05,511.0,506.9,511.0,517.7,494.71,1.31,0.41,6.09,MEDIUM,0.27,2.2,12.11,1.29,1.192,0,0.0,TARGET,12,1.31,2.94,-0.59,
2024-06-06,512.2,506.9,512.2,517.7,494.56,1.07,0.31,6.17,MEDIUM,0.02,2.44,11.83,1.06,1.205,0,0.0,TARGET,11,1.07,2.69,-0.82,
2024-06-07,511.1,506.9,511.1,517.7,494.13,1.29,0.39,6.39,MEDIUM,-1.27,2.84,11.59,1.27,1.249,0,0.0,TARGET,10,1.29,4.09,-0.61,
2024-06-10,509.0,506.9,509.0,517.7,493.66,1.71,0.57,6.62,MEDIUM,-0.78,3.37,10.41,1.68,1.301,0,0.0,TARGET,9,1.71,4.52,-0.2,
2024-06-11,509.0,506.9,509.0,517.7,493.71,1.71,0.57,6.59,MEDIUM,-0.93,2.83,10.09,1.68,1.295,0,0.0,TARGET,8,1.71,4.52,-0.2,
2024-06-12,508.5,506.9,508.5,517.7,494.71,1.81,0.67,6.09,MEDIUM,-0.88,3.35,10.29,1.78,1.198,0,0.0,TARGET,7,1.81,4.62,-0.49,
2024-06-13,508.9,506.9,508.9,517.7,495.34,1.73,0.65,5.78,MEDIUM,-0.22,3.23,9.91,1.7,1.136,0,0.0,TARGET,6,1.73,4.54,-0.57,
2024-06-14,509.0,506.9,509.0,517.7,495.66,1.71,0.65,5.62,MEDIUM,0.12,1.58,8.73,1.68,1.104,0,0.0,TARGET,5,1.71,4.52,-0.59,
2024-06-19,509.2,506.9,509.2,517.7,496.34,1.67,0.66,5.28,MEDIUM,0.14,0.43,8.38,1.64,1.037,0,0.0,TARGET,4,1.67,4.48,-0.63,
2024-06-20,509.2,506.9,509.2,517.7,498.34,1.67,0.78,4.28,MEDIUM,0.3,-0.93,9.04,1.64,0.84,0,0.0,TARGET,3,1.67,4.48,-0.63,
2024-06-21,510.0,506.9,510.0,517.7,499.1,1.51,0.71,3.9,MEDIUM,0.43,0.0,8.51,1.49,0.765,0,0.0,TARGET,2,1.51,4.31,-0.78,
2024-06-24,510.0,506.9,510.0,517.7,499.87,1.51,0.76,3.51,MEDIUM,-0.95,0.59,8.51,1.49,0.689,0,0.0,TARGET,1,1.51,4.31,-0.78,
2024-06-25,518.2,513.92,518.2,518.2,505.36,0.0,0.0,4.28,MEDIUM,1.51,2.9,10.37,0.0,0.826,0,0.0,TARGET,1,0.0,2.66,-2.35,
2024-06-26,518.0,513.72,518.0,518.2,505.16,0.04,0.02,4.28,MEDIUM,1.95,2.66,10.68,0.04,0.826,0,0.0,TARGET,6,0.04,2.7,-2.32,
2024-06-27,515.0,510.46,515.0,518.2,501.37,0.62,0.23,4.54,MEDIUM,1.6,2.04,10.04,0.62,0.882,0,0.0,TARGET,5,0.62,3.3,-1.94,
2024-06-28,515.5,510.86,515.5,518.2,501.59,0.52,0.19,4.64,MEDIUM,0.29,2.69,10.15,0.52,0.899,0,0.0,TARGET,4,0.52,5.33,-2.04,
2024-07-01,515.0,510.57,515.0,518.2,501.71,0.62,0.24,4.43,MEDIUM,-0.1,2.28,10.99,0.62,0.86,0,0.0,TARGET,3,0.62,7.77,-1.94,
2024-07-02,513.0,508.84,513.0,518.2,500.53,1.01,0.42,4.16,MEDIUM,0.2,1.2,11.04,1.0,0.81,0,0.0,TARGET,2,1.01,12.09,-1.56,
2024-07-03,515.1,511.14,515.1,518.2,503.21,0.6,0.26,3.96,MEDIUM,0.02,1.4,11.01,0.6,0.77,0,0.0,TARGET,1,0.6,11.63,-1.96,
2024-07-04,524.0,519.26,524.0,524.0,509.79,0.0,0.0,4.74,MEDIUM,1.75,3.17,13.91,0.0,0.904,0,0.0,TARGET,1,0.0,9.73,-3.63,
2024-07-05,525.1,519.96,525.1,525.1,509.69,0.0,0.0,5.14,MEDIUM,2.56,4.19,13.54,0.0,0.978,0,0.0,TARGET,1,0.0,9.5,-3.83,
2024-07-08,526.0,520.59,526.0,526.0,509.76,0.0,0.0,5.41,MEDIUM,2.94,4.34,13.07,0.0,1.029,0,0.0,TARGET,1,0.0,9.32,-3.99,
2024-07-09,532.0,526.39,532.0,532.0,515.18,0.0,0.0,5.61,MEDIUM,3.87,4.85,13.77,0.0,1.054,0,0.0,STOP,1,-3.16,8.08,-5.08,
2024-07-10,512.1,508.5,512.1,532.0,494.43,3.89,1.13,7.04,MEDIUM,0.2,1.01,8.96,3.74,1.374,0,0.0,TARGET,12,3.89,12.28,-1.39,
2024-07-11,513.0,508.5,513.0,532.0,493.59,3.7,0.98,7.46,MEDIUM,0.79,1.58,9.15,3.57,1.454,0,0.0,TARGET,11,3.7,12.09,-1.56,
2024-07-12,519.7,511.37,519.7,532.0,494.71,2.37,0.49,8.33,MEDIUM,2.1,2.5,9.39,2.31,1.603,0,0.0,TARGET,10,2.37,10.64,-2.83,
2024-07-15,515.0,509.0,515.0,532.0,493.51,3.3,0.79,7.74,MEDIUM,1.28,1.18,8.19,3.2,1.503,0,0.0,TARGET,9,3.3,11.65,-1.94,
2024-07-16,515.0,509.2,515.0,532.0,493.59,3.3,0.79,7.81,MEDIUM,1.2,1.84,7.29,3.2,1.516,0,0.0,TARGET,8,3.3,11.65,-1.94,
2024-07-17,523.0,515.1,523.0,532.0,499.3,1.72,0.38,7.9,MEDIUM,2.75,3.54,9.82,1.69,1.511,0,0.0,TARGET,7,1.72,9.94,-3.44,
2024-07-18,523.1,514.59,523.1,532.0,497.58,1.7,0.35,8.51,MEDIUM,2.73,3.36,9.44,1.67,1.626,0,0.0,TARGET,6,1.7,9.92,-3.46,
2024-07-19,527.8,518.94,527.8,532.0,501.21,0.8,0.16,8.86,MEDIUM,3.65,4.31,9.68,0.79,1.679,0,0.0,TARGET,5,0.8,8.94,-4.32,
2024-07-22,520.2,512.1,520.2,532.0,493.7,2.27,0.45,9.2,MEDIUM,2.0,3.01,7.04,2.22,1.769,0,0.0,TARGET,4,2.27,10.53,-2.92,
2024-07-23,520.5,512.1,520.5,532.0,493.44,2.21,0.43,9.33,MEDIUM,2.06,3.27,6.98,2.16,1.792,0,0.0,TARGET,3,2.21,10.47,-2.98,
2024-07-24,523.0,514.01,523.0,532.0,496.04,1.72,0.33,8.99,MEDIUM,0.93,4.47,7.82,1.69,1.718,0,0.0,TARGET,2,1.72,9.94,-3.44,
2024-07-25,529.0,518.81,529.0,532.0,498.42,0.57,0.1,10.19,MEDIUM,2.12,5.38,9.05,0.56,1.927,0,0.0,TARGET,1,0.57,8.7,0.19,
2024-07-26,540.0,529.21,540.0,540.0,507.62,0.0,0.0,10.79,MEDIUM,4.85,7.36,11.34,0.0,1.999,0,0.0,TARGET,1,0.0,6.48,-1.48,
2024-07-29,555.0,543.56,555.0,555.0,520.69,0.0,0.0,11.44,MEDIUM,7.66,9.9,14.43,0.0,2.06,0,0.0,TARGET,1,0.0,3.6,-4.14,
2024-07-31,555.0,543.36,555.0,555.0,520.09,0.0,0.0,11.64,MEDIUM,7.77,10.56,14.67,0.0,2.097,0,0.0,TARGET,1,0.0,0.36,-4.14,
2024-08-01,554.0,542.26,554.0,555.0,518.79,0.18,0.03,11.74,MEDIUM,7.99,10.45,15.3,0.18,2.118,0,0.0,TARGET,1,0.18,0.54,-3.97,
2024-08-02,554.1,542.56,554.1,555.0,519.47,0.16,0.03,11.54,MEDIUM,7.57,10.4,14.96,0.16,2.083,0,0.0,EXPIRED,20,-3.36,-0.2,-3.99,
2024-08-05,535.5,523.06,535.5,555.0,498.17,3.64,0.52,12.44,MEDIUM,2.19,5.23,10.41,3.51,2.324,0,0.0,EXPIRED,20,0.11,2.33,-0.24,
2024-08-06,545.0,532.14,545.0,555.0,506.41,1.83,0.26,12.86,MEDIUM,3.79,7.92,12.37,1.8,2.36,0,0.0,EXPIRED,20,-1.25,0.55,-1.98,
2024-08-07,541.1,528.46,541.1,555.0,503.17,2.57,0.37,12.64,MEDIUM,2.87,6.18,11.57,2.5,2.337,0,0.0,EXPIRED,20,-0.78,1.28,-1.28,
2024-08-08,537.0,524.86,537.0,555.0,500.57,3.35,0.49,12.14,MEDIUM,0.94,4.86,10.27,3.24,2.261,0,0.0,EXPIRED,20,-0.19,2.05,-0.52,
2024-08-09,541.0,529.18,541.0,555.0,505.54,2.59,0.39,11.82,MEDIUM,5.64,4.5,9.51,2.52,2.185,0,0.0,EXPIRED,20,-1.29,1.29,-1.85,
2024-08-12,540.0,528.16,540.0,555.0,504.47,2.78,0.42,11.84,MEDIUM,5.26,5.26,9.62,2.7,2.193,0,0.0,EXPIRED,20,-1.11,1.48,-1.67,
2024-08-13,540.0,528.24,540.0,555.0,504.71,2.78,0.43,11.76,MEDIUM,3.91,5.1,8.0,2.7,2.179,0,0.0,EXPIRED,20,-0.09,1.48,-1.67,
2024-08-15,544.4,532.76,544.4,555.0,509.47,1.95,0.3,11.64,MEDIUM,5.71,6.12,7.91,1.91,2.139,0,0.0,EXPIRED,20,-0.77,0.66,-2.46,
2024-08-16,541.4,531.06,541.4,555.0,510.39,2.51,0.44,10.34,MEDIUM,5.13,6.16,7.85,2.45,1.909,0,0.0,EXPIRED,20,1.5,1.59,-1.92,
2024-08-19,543.2,533.39,543.2,555.0,513.78,2.17,0.4,9.81,MEDIUM,3.86,6.85,7.86,2.13,1.805,0,0.0,EXPIRED,20,1.2,2.15,-2.25,
2024-08-22,543.3,534.22,543.3,555.0,516.06,2.15,0.43,9.08,MEDIUM,3.86,6.84,7.73,2.11,1.671,0,0.0,EXPIRED,20,1.18,2.14,-2.26,
2024-08-23,544.0,536.35,544.0,555.0,521.05,2.02,0.48,7.65,MEDIUM,3.07,7.15,8.13,1.98,1.406,0,0.0,TARGET,20,2.02,3.84,-2.39,
2024-08-26,541.6,534.21,541.6,555.0,519.44,2.47,0.6,7.39,MEDIUM,4.11,6.66,7.25,2.41,1.364,0,0.0,TARGET,19,2.47,4.3,-1.96,
2024-08-27,535.0,529.0,535.0,555.0,514.51,3.74,0.98,7.24,MEDIUM,2.79,3.9,5.52,3.6,1.354,0,0.0,TARGET,18,3.74,5.59,-0.75,
2024-08-28,535.0,535.0,535.0,555.0,522.69,3.74,1.62,6.16,MEDIUM,2.29,4.8,5.52,3.6,1.151,0,0.0,TARGET,17,3.74,5.59,-0.75,
2024-08-29,537.0,535.0,537.0,555.0,523.53,3.35,1.34,5.74,MEDIUM,1.51,5.69,5.21,3.24,1.068,0,0.0,TARGET,16,3.35,5.2,-1.12,
2024-08-30,544.8,538.84,544.8,555.0,526.93,1.87,0.57,5.96,MEDIUM,0.89,7.48,6.41,1.84,1.093,0,0.0,TARGET,15,1.87,3.69,-2.53,
2024-09-02,540.0,535.0,540.0,555.0,522.67,2.78,0.87,6.16,MEDIUM,-2.7,5.06,4.87,2.7,1.142,1,85.0,TARGET,14,2.78,4.61,-1.67,
2024-09-03,538.0,535.0,538.0,555.0,522.29,3.16,1.08,6.36,MEDIUM,-3.06,4.36,4.47,3.06,1.182,1,85.0,TARGET,13,3.16,5.0,-1.3,
2024-09-04,535.5,535.0,535.5,555.0,522.57,3.64,1.51,6.21,MEDIUM,-3.34,4.59,4.08,3.51,1.16,1,85.0,TARGET,12,3.64,5.49,-0.84,
2024-09-05,536.1,535.0,536.1,555.0,522.41,3.53,1.38,6.29,MEDIUM,-3.25,4.1,4.2,3.41,1.174,1,85.0,TARGET,11,3.53,5.37,-1.14,
2024-09-06,538.2,535.0,538.2,555.0,522.47,3.12,1.07,6.26,MEDIUM,0.5,4.5,6.57,3.03,1.164,1,85.0,TARGET,10,3.12,4.96,-2.64,
2024-09-09,536.9,535.0,536.9,555.0,522.6,3.37,1.27,6.2,MEDIUM,-1.49,4.86,6.42,3.26,1.155,1,85.0,TARGET,9,3.37,5.22,-2.4,
2024-09-10,536.0,535.0,536.0,555.0,523.04,3.54,1.47,5.98,MEDIUM,-0.94,4.89,7.2,3.42,1.115,1,85.0,TARGET,8,3.54,5.39,-2.24,
2024-09-11,534.0,534.0,534.0,555.0,521.89,3.93,1.73,6.06,MEDIUM,-0.56,4.26,6.8,3.78,1.134,1,85.0,TARGET,7,3.93,5.79,-1.87,
2024-09-12,534.0,534.0,534.0,555.0,521.64,3.93,1.7,6.18,MEDIUM,-1.29,4.48,7.44,3.78,1.157,1,85.0,TARGET,6,3.93,5.79,-1.87,
2024-09-13,539.5,534.0,539.5,555.0,521.39,2.87,0.86,6.31,MEDIUM,-0.09,5.99,9.57,2.79,1.169,1,85.0,TARGET,5,2.87,4.71,-2.87,
2024-09-18,540.2,534.17,540.2,555.0,522.11,2.74,0.82,6.03,MEDIUM,0.04,6.13,9.13,2.67,1.116,0,0.0,TARGET,4,2.74,4.57,-3.0,
2024-09-19,549.5,543.26,549.5,555.0,530.79,1.0,0.29,6.24,MEDIUM,0.94,8.06,11.69,0.99,1.135,0,0.0,TARGET,3,1.0,2.8,-4.64,
2024-09-20,549.7,543.25,549.7,555.0,530.35,0.96,0.27,6.45,MEDIUM,1.53,8.02,11.5,0.95,1.173,0,0.0,TARGET,2,0.96,2.77,-4.68,
2024-09-23,549.7,543.54,549.7,555.0,531.23,0.96,0.29,6.16,MEDIUM,1.2,8.0,9.7,0.95,1.12,0,0.0,TARGET,1,0.96,2.77,-4.68,
2024-09-24,546.9,539.96,546.9,555.0,526.07,1.48,0.39,6.94,MEDIUM,0.66,7.4,7.87,1.46,1.269,0,0.0,TARGET,1,1.48,2.19,-4.19,
2024-09-25,550.0,542.71,550.0,555.0,528.14,0.91,0.23,7.29,MEDIUM,1.1,8.01,7.0,0.9,1.325,0,0.0,TARGET,2,0.91,0.91,-4.73,
2024-09-26,550.0,542.86,550.0,555.0,528.57,0.91,0.23,7.14,MEDIUM,1.55,7.84,7.84,0.9,1.299,0,0.0,TARGET,1,0.91,0.91,-4.73,
2024-09-27,555.0,547.57,555.0,555.0,532.71,0.0,0.0,7.43,MEDIUM,3.74,8.82,9.47,0.0,1.338,0,0.0,TARGET,1,0.0,0.0,-5.59,
2024-09-30,543.0,535.07,543.0,555.0,519.21,2.21,0.5,7.93,MEDIUM,1.5,4.79,7.82,2.16,1.46,0,0.0,EXPIRED,20,0.37,1.29,-3.5,
2024-10-01,544.0,535.77,544.0,555.0,519.31,2.02,0.45,8.23,MEDIUM,1.3,5.02,7.81,1.98,1.513,0,0.0,EXPIRED,20,0.18,0.64,-3.68,
2024-10-02,537.0,534.0,537.0,555.0,516.76,3.35,0.89,8.62,MEDIUM,-1.43,4.27,6.4,3.24,1.605,0,0.0,EXPIRED,20,0.95,2.05,-2.42,
2024-10-03,537.0,534.0,537.0,555.0,516.63,3.35,0.88,8.69,MEDIUM,-0.56,4.17,6.97,3.24,1.617,0,0.0,EXPIRED,20,0.76,2.05,-2.42,
2024-10-04,538.0,534.0,538.0,555.0,516.84,3.16,0.8,8.58,MEDIUM,0.0,4.47,6.85,3.06,1.595,0,0.0,EXPIRED,20,2.21,2.21,-2.6,
2024-10-07,530.0,530.0,530.0,555.0,512.57,4.72,1.43,8.71,MEDIUM,-1.03,3.31,4.56,4.5,1.644,0,0.0,EXPIRED,20,3.4,3.75,-1.13,
2024-10-08,525.0,525.0,525.0,555.0,507.3,5.71,1.69,8.85,MEDIUM,-2.07,1.92,3.35,5.41,1.686,0,0.0,EXPIRED,20,4.15,4.74,0.0,
2024-10-09,540.0,530.78,540.0,555.0,512.34,2.78,0.54,9.22,MEDIUM,0.33,3.05,6.32,2.7,1.708,0,0.0,TARGET,20,2.78,5.56,-1.83,
2024-10-10,535.0,525.83,535.0,555.0,507.49,3.74,0.73,9.17,MEDIUM,-0.35,1.89,6.15,3.6,1.714,0,0.0,TARGET,19,3.74,6.56,-0.92,
2024-10-11,538.0,528.75,538.0,555.0,510.25,3.16,0.61,9.25,MEDIUM,0.37,2.28,6.72,3.06,1.719,0,0.0,TARGET,18,3.16,6.3,-1.47,
2024-10-14,535.0,526.6,535.0,555.0,509.8,3.74,0.79,8.4,MEDIUM,0.19,0.56,5.44,3.6,1.57,0,0.0,TARGET,17,3.74,7.29,-0.92,
2024-10-15,536.0,528.17,536.0,555.0,512.51,3.54,0.81,7.83,MEDIUM,0.37,4.67,5.72,3.42,1.461,0,0.0,TARGET,16,3.54,7.09,-1.1,
2024-10-16,533.0,525.0,533.0,555.0,508.97,4.13,0.92,8.01,MEDIUM,-1.2,3.9,5.54,3.96,1.504,0,0.0,TARGET,15,4.13,7.69,-0.54,
2024-10-17,539.9,531.87,539.9,555.0,515.81,2.8,0.63,8.03,MEDIUM,-0.06,3.89,6.49,2.72,1.487,0,0.0,TARGET,14,2.8,7.06,-1.82,
2024-10-18,538.0,529.97,538.0,555.0,513.91,3.16,0.71,8.03,MEDIUM,-2.09,4.47,5.7,3.06,1.492,0,0.0,TARGET,13,3.16,9.67,-0.74,
2024-10-21,538.0,530.33,538.0,555.0,514.99,3.16,0.74,7.67,MEDIUM,-2.13,4.47,6.39,3.06,1.426,0,0.0,TARGET,12,3.16,9.67,-0.74,
2024-10-22,538.9,531.52,538.9,555.0,516.76,2.99,0.73,7.38,MEDIUM,-1.96,3.04,6.69,2.9,1.369,0,0.0,TARGET,11,2.99,9.48,-0.91,
2024-10-23,536.0,528.76,536.0,555.0,514.27,3.54,0.87,7.24,MEDIUM,-1.99,2.47,5.91,3.42,1.351,0,0.0,TARGET,10,3.54,10.07,0.37,
2024-10-24,540.0,532.47,540.0,555.0,517.41,2.78,0.66,7.53,MEDIUM,-1.82,2.31,6.72,2.7,1.394,0,0.0,TARGET,9,2.78,9.26,-0.37,
2024-10-25,545.0,537.69,545.0,555.0,523.06,1.83,0.46,7.31,MEDIUM,-0.91,4.77,7.92,1.8,1.342,0,0.0,TARGET,8,1.83,8.26,-1.28,
2024-10-28,545.0,537.51,545.0,555.0,522.52,1.83,0.44,7.49,MEDIUM,-1.8,4.71,8.13,1.8,1.375,0,0.0,TARGET,7,1.83,8.26,-1.1,
2024-10-29,545.0,538.23,545.0,555.0,524.69,1.83,0.49,6.77,MEDIUM,0.37,4.21,8.87,1.8,1.242,0,0.0,TARGET,6,1.83,8.26,-1.1,
2024-10-30,542.1,535.34,542.1,555.0,521.83,2.38,0.64,6.76,MEDIUM,-0.35,2.48,7.99,2.32,1.246,0,0.0,TARGET,5,2.38,8.84,-0.57,
2024-10-31,541.1,534.48,541.1,555.0,521.24,2.57,0.7,6.62,MEDIUM,0.76,0.2,7.57,2.5,1.224,0,0.0,TARGET,4,2.57,9.04,-0.18,
2024-11-01,549.9,543.08,549.9,555.0,529.44,0.93,0.25,6.82,MEDIUM,2.4,-0.92,8.89,0.92,1.24,0,0.0,TARGET,3,0.93,7.29,-1.62,
2024-11-04,548.0,540.83,548.0,555.0,526.49,1.28,0.33,7.17,MEDIUM,1.86,-1.26,9.16,1.26,1.309,0,0.0,TARGET,2,1.28,7.66,-1.22,
2024-11-05,546.8,539.62,546.8,555.0,525.26,1.5,0.38,7.18,MEDIUM,3.17,-1.3,9.01,1.48,1.313,0,0.0,TARGET,1,1.5,9.73,0.13,
2024-11-07,565.0,556.88,565.0,565.0,540.64,0.0,0.0,8.12,MEDIUM,7.62,1.97,12.57,0.0,1.437,0,0.0,TARGET,1,0.0,6.19,-0.78,
2024-11-08,570.1,562.54,570.1,570.1,547.41,0.0,0.0,7.56,MEDIUM,5.57,6.46,12.03,0.0,1.327,0,0.0,TARGET,1,0.0,5.24,-1.67,
2024-11-11,570.0,562.3,570.0,570.1,546.9,0.02,0.0,7.7,MEDIUM,6.54,4.59,12.87,0.02,1.351,0,0.0,TARGET,1,0.02,5.26,-1.65,
2024-11-12,570.0,562.16,570.0,570.1,546.47,0.02,0.0,7.84,MEDIUM,5.95,5.34,11.85,0.02,1.376,0,0.0,TARGET,1,0.02,5.26,-1.65,
2024-11-13,568.1,560.33,568.1,570.1,544.79,0.35,0.09,7.77,MEDIUM,6.19,5.79,10.94,0.35,1.368,0,0.0,TARGET,2,0.35,5.62,-1.32,
2024-11-14,569.7,562.14,569.7,570.1,547.03,0.07,0.02,7.56,MEDIUM,6.29,5.3,10.04,0.07,1.327,0,0.0,TARGET,1,0.07,5.32,-1.6,
2024-11-15,578.0,570.1,578.0,578.0,554.3,0.0,0.0,7.9,MEDIUM,8.44,7.04,12.67,0.0,1.367,0,0.0,TARGET,1,0.0,3.81,-3.01,
2024-11-19,584.0,575.92,584.0,584.0,559.76,0.0,0.0,8.08,MEDIUM,8.17,8.15,13.66,0.0,1.383,0,0.0,TARGET,1,0.0,2.74,-4.01,
2024-11-20,580.0,571.77,580.0,584.0,555.31,0.69,0.16,8.23,MEDIUM,7.81,6.54,13.06,0.68,1.419,0,0.0,TARGET,11,0.69,3.45,-3.34,
2024-11-21,575.5,567.42,575.5,584.0,551.26,1.48,0.35,8.08,MEDIUM,6.97,6.3,12.84,1.46,1.404,0,0.0,TARGET,10,1.48,4.26,-2.59,
2024-11-22,575.0,566.75,575.0,584.0,550.25,1.57,0.36,8.25,MEDIUM,6.7,5.85,13.1,1.54,1.435,0,0.0,TARGET,9,1.57,4.35,-2.5,
2024-11-25,561.0,552.45,561.0,584.0,535.35,4.1,0.9,8.55,MEDIUM,4.66,3.26,10.32,3.94,1.524,0,0.0,TARGET,8,4.1,6.95,-0.07,
2024-11-26,570.0,561.06,570.0,584.0,543.17,2.46,0.52,8.94,MEDIUM,5.56,4.78,12.27,2.4,1.569,0,0.0,TARGET,7,2.46,5.26,-1.35,
2024-11-27,575.0,565.82,575.0,584.0,547.46,1.57,0.33,9.18,MEDIUM,5.5,6.17,13.23,1.54,1.596,0,0.0,TARGET,6,1.57,4.35,-2.21,
2024-11-28,573.1,564.51,573.1,584.0,547.32,1.9,0.42,8.59,MEDIUM,5.16,7.12,11.3,1.87,1.499,0,0.0,TARGET,5,1.9,4.69,-1.88,
2024-11-29,574.0,565.24,574.0,584.0,547.73,1.74,0.38,8.76,MEDIUM,5.32,7.29,12.44,1.71,1.526,0,0.0,TARGET,4,1.74,4.53,-2.04,
2024-12-02,570.0,561.24,570.0,584.0,543.71,2.46,0.53,8.76,MEDIUM,5.15,6.15,12.18,2.4,1.538,0,0.0,TARGET,3,2.46,5.26,-1.75,
2024-12-03,568.9,560.13,568.9,584.0,542.59,2.65,0.57,8.77,MEDIUM,5.14,4.42,12.23,2.59,1.542,0,0.0,TARGET,2,2.65,5.47,-1.56,
2024-12-04,567.0,557.81,567.0,584.0,539.44,3.0,0.62,9.19,MEDIUM,3.11,5.0,10.31,2.91,1.62,0,0.0,TARGET,1,3.0,5.82,-1.23,
2024-12-05,600.0,588.59,600.0,600.0,565.78,0.0,0.0,11.41,MEDIUM,9.49,11.52,16.39,0.0,1.901,0,0.0,STOP,3,-5.7,1.68,-6.67,
2024-12-06,575.0,562.58,575.0,600.0,537.74,4.35,0.67,12.42,MEDIUM,5.16,7.38,12.3,4.17,2.16,0,0.0,TARGET,19,4.35,7.83,-2.61,
2024-12-09,579.8,567.41,579.8,600.0,542.64,3.48,0.54,12.39,MEDIUM,2.62,8.15,12.58,3.37,2.136,0,0.0,TARGET,18,3.48,6.93,-3.41,
2024-12-10,566.0,561.0,566.0,600.0,534.66,6.01,1.08,13.17,MEDIUM,-0.72,5.17,9.9,5.67,2.327,0,0.0,TARGET,17,6.01,9.54,-1.06,
2024-12-11,573.3,561.0,573.3,600.0,533.66,4.66,0.67,13.67,MEDIUM,0.58,6.78,11.97,4.45,2.385,0,0.0,TARGET,16,4.66,10.59,-2.32,
2024-12-12,572.0,561.0,572.0,600.0,532.8,4.9,0.71,14.1,MEDIUM,0.35,6.72,11.94,4.67,2.465,0,0.0,TARGET,15,4.9,10.84,-2.1,
2024-12-13,571.8,561.0,571.8,600.0,533.13,4.93,0.73,13.94,MEDIUM,0.65,7.08,11.64,4.7,2.437,0,0.0,TARGET,14,4.93,10.88,-2.06,
2024-12-16,572.5,561.0,572.5,600.0,533.56,4.8,0.71,13.72,MEDIUM,0.49,7.21,12.01,4.58,2.397,0,0.0,TARGET,13,4.8,10.74,-2.18,
2024-12-17,575.0,561.03,575.0,600.0,533.09,4.35,0.6,13.97,MEDIUM,-0.52,6.58,12.97,4.17,2.43,0,0.0,TARGET,12,4.35,10.26,-2.61,
2024-12-18,571.6,561.0,571.6,600.0,534.29,4.97,0.76,13.36,MEDIUM,-2.12,5.81,12.3,4.73,2.337,0,0.0,TARGET,11,4.97,10.92,-2.03,
2024-12-19,571.5,561.0,571.5,600.0,534.43,4.99,0.77,13.29,MEDIUM,-1.47,4.0,12.39,4.75,2.325,0,0.0,TARGET,10,4.99,10.94,-2.01,
2024-12-20,574.0,561.0,574.0,600.0,534.14,4.53,0.65,13.43,MEDIUM,-0.26,4.42,12.79,4.33,2.339,0,0.0,TARGET,9,4.53,10.45,-2.44,
2024-12-23,574.0,566.0,574.0,600.0,538.8,4.53,0.74,13.6,MEDIUM,-0.17,4.42,12.77,4.33,2.369,0,0.0,TARGET,8,4.53,10.45,-2.44,
2024-12-24,570.0,566.0,570.0,600.0,538.91,5.26,0.97,13.54,MEDIUM,1.6,4.22,11.94,5.0,2.376,0,0.0,TARGET,7,5.26,11.23,-1.75,
2024-12-25,569.5,566.0,569.5,600.0,542.63,5.36,1.14,11.69,MEDIUM,-0.09,3.55,11.84,5.08,2.052,0,0.0,TARGET,6,5.36,11.33,-1.67,
2024-12-26,570.0,566.0,570.0,600.0,545.16,5.26,1.21,10.42,MEDIUM,-0.87,3.64,11.76,5.0,1.828,0,0.0,TARGET,5,5.26,11.23,-1.75,
2024-12-27,566.0,566.0,566.0,600.0,546.09,6.01,1.71,9.96,MEDIUM,-1.24,1.98,10.98,5.67,1.759,0,0.0,TARGET,4,6.01,12.01,-1.06,
2024-12-30,566.0,566.0,566.0,600.0,547.8,6.01,1.87,9.1,MEDIUM,-1.39,4.24,9.22,5.67,1.608,0,0.0,TARGET,3,6.01,12.01,-0.27,
2024-12-31,569.0,566.0,569.0,600.0,548.5,5.45,1.51,8.75,MEDIUM,-0.18,4.6,9.85,5.17,1.538,0,0.0,TARGET,2,5.45,14.24,0.35,
2025-01-02,583.0,573.57,583.0,600.0,554.71,2.92,0.6,9.43,MEDIUM,2.48,8.57,13.2,2.83,1.617,0,0.0,TARGET,1,2.92,11.49,0.17,
2025-01-03,608.9,598.37,608.9,608.9,577.31,0.0,0.0,10.53,MEDIUM,7.39,13.39,18.12,0.0,1.729,1,70.0,TARGET,1,0.0,6.75,-1.13,
2025-01-06,605.0,594.0,605.0,608.9,572.0,0.64,0.12,11.0,MEDIUM,0.83,12.45,17.48,0.64,1.818,1,70.0,TARGET,1,0.64,7.44,-0.26,
2025-01-07,606.1,595.59,606.1,608.9,574.58,0.46,0.09,10.51,MEDIUM,5.41,14.36,18.15,0.46,1.734,1,70.0,TARGET,1,0.46,7.24,-0.02,
2025-01-08,614.2,603.15,614.2,614.2,581.05,0.0,0.0,11.05,MEDIUM,5.93,16.99,19.24,0.0,1.799,1,70.0,TARGET,1,0.0,5.83,-1.17,
2025-01-09,621.8,609.78,621.8,621.8,585.74,0.0,0.0,12.02,MEDIUM,9.86,15.15,18.66,0.0,1.933,1,70.0,TARGET,1,0.0,4.54,-2.38,
2025-01-10,620.0,607.62,620.0,621.8,582.86,0.29,0.05,12.38,MEDIUM,8.15,15.89,18.07,0.29,1.997,1,70.0,TARGET,1,0.29,4.84,-2.1,
2025-01-13,620.0,606.72,620.0,621.8,580.16,0.29,0.05,13.28,MEDIUM,8.39,15.24,17.87,0.29,2.142,1,70.0,TARGET,1,0.29,4.84,-1.61,
2025-01-15,627.5,614.14,627.5,627.5,587.43,0.0,0.0,13.36,MEDIUM,9.74,17.29,17.95,0.0,2.129,1,70.0,TARGET,1,0.0,3.59,-2.79,
2025-01-16,624.7,611.35,624.7,627.5,584.65,0.45,0.07,13.35,MEDIUM,9.12,16.55,21.99,0.45,2.137,1,70.0,TARGET,9,0.45,4.05,-2.35,
2025-01-17,621.0,607.7,621.0,627.5,581.1,1.05,0.16,13.3,MEDIUM,8.0,16.51,21.05,1.04,2.142,0,0.0,TARGET,8,1.05,4.67,-1.77,
2025-01-20,622.1,608.81,622.1,627.5,582.22,0.87,0.14,13.29,MEDIUM,8.83,15.23,19.7,0.86,2.137,0,0.0,TARGET,7,0.87,4.48,-1.95,
2025-01-21,613.8,600.21,613.8,627.5,573.02,2.23,0.34,13.59,MEDIUM,7.4,14.09,19.18,2.18,2.215,0,0.0,TARGET,6,2.23,7.17,-0.62,
2025-01-22,613.0,599.35,613.0,627.5,572.05,2.37,0.35,13.65,MEDIUM,6.79,13.94,19.03,2.31,2.227,0,0.0,TARGET,5,2.37,9.3,-0.41,
2025-01-23,612.6,600.13,612.6,627.5,575.19,2.43,0.4,12.47,MEDIUM,6.72,13.68,17.13,2.37,2.036,0,0.0,TARGET,4,2.43,9.37,-0.1,
2025-01-24,615.0,603.89,615.0,627.5,581.68,2.03,0.38,11.11,MEDIUM,7.89,14.74,17.57,1.99,1.806,0,0.0,TARGET,3,2.03,9.11,-0.47,
2025-01-27,614.9,604.59,614.9,627.5,583.96,2.05,0.41,10.31,MEDIUM,7.97,13.87,16.5,2.01,1.677,0,0.0,TARGET,2,2.05,9.12,-0.39,
2025-01-28,617.1,606.76,617.1,627.5,586.07,1.69,0.34,10.34,MEDIUM,8.26,13.23,18.63,1.66,1.676,0,0.0,TARGET,1,1.69,8.73,-0.18,
2025-01-29,629.9,619.56,629.9,629.9,598.89,0.0,0.0,10.34,MEDIUM,11.29,15.58,21.02,0.0,1.641,0,0.0,TARGET,1,0.0,7.32,-1.33,
2025-01-30,636.0,625.38,636.0,636.0,604.14,0.0,0.0,10.62,MEDIUM,12.37,16.7,21.61,0.0,1.67,0,0.0,TARGET,1,0.0,6.29,-2.28,
2025-01-31,631.0,620.24,631.0,636.0,598.71,0.79,0.15,10.76,MEDIUM,10.9,16.4,19.28,0.79,1.706,0,0.0,TARGET,8,0.79,7.13,-1.51,
2025-02-03,623.8,614.09,623.8,636.0,594.68,1.96,0.42,9.71,MEDIUM,7.0,15.28,15.52,1.92,1.556,0,0.0,TARGET,7,1.96,8.37,-0.37,
2025-02-04,622.1,612.61,622.1,636.0,593.64,2.23,0.49,9.49,MEDIUM,2.17,13.13,12.09,2.19,1.525,0,0.0,TARGET,6,2.23,8.66,-0.1,
2025-02-05,625.0,615.76,625.0,636.0,597.29,1.76,0.4,9.24,MEDIUM,3.31,14.05,12.61,1.73,1.478,0,0.0,TARGET,5,1.76,8.16,-0.4,
2025-02-06,630.1,620.83,630.1,636.0,602.29,0.94,0.21,9.27,MEDIUM,3.96,15.23,13.74,0.93,1.471,0,0.0,TARGET,4,0.94,7.28,-1.21,
2025-02-07,628.5,619.04,628.5,636.0,600.11,1.19,0.26,9.46,MEDIUM,2.33,11.24,13.43,1.18,1.506,0,0.0,TARGET,3,1.19,7.56,-0.86,
2025-02-10,630.0,620.77,630.0,636.0,602.31,0.95,0.22,9.23,MEDIUM,1.32,10.51,17.65,0.94,1.465,0,0.0,TARGET,2,0.95,7.3,-0.89,
2025-02-11,626.0,616.64,626.0,636.0,597.93,1.6,0.36,9.36,MEDIUM,0.97,9.82,14.86,1.57,1.495,0,0.0,TARGET,1,1.6,7.99,0.64,
2025-02-12,640.0,629.89,640.0,640.0,609.68,0.0,0.0,10.11,MEDIUM,3.23,12.28,18.28,0.0,1.579,0,0.0,TARGET,1,0.0,5.62,-1.42,
2025-02-13,638.0,627.75,638.0,640.0,607.25,0.31,0.07,10.25,MEDIUM,1.67,12.3,18.81,0.31,1.607,0,0.0,TARGET,1,0.31,5.96,-1.11,
2025-02-14,645.0,634.61,645.0,645.0,613.82,0.0,0.0,10.39,MEDIUM,3.25,13.22,19.22,0.0,1.611,0,0.0,TARGET,1,0.0,4.81,-2.19,
2025-02-17,648.1,637.7,648.1,648.1,616.9,0.0,0.0,10.4,MEDIUM,4.36,12.13,20.02,0.0,1.605,0,0.0,TARGET,1,0.0,4.3,-2.65,
2025-02-18,657.0,646.75,657.0,657.0,626.25,0.0,0.0,10.25,MEDIUM,5.61,12.5,21.67,0.0,1.56,0,0.0,TARGET,1,0.0,2.89,-3.97,
2025-02-19,670.0,660.39,670.0,670.0,641.18,0.0,0.0,9.61,MEDIUM,9.16,15.52,23.07,0.0,1.434,0,0.0,TARGET,1,0.0,0.9,-5.84,
2025-02-20,667.5,658.69,667.5,670.0,641.06,0.37,0.09,8.81,MEDIUM,8.89,15.99,23.29,0.37,1.32,0,0.0,TARGET,1,0.37,1.57,-5.48,
2025-02-21,666.0,657.34,666.0,670.0,640.03,0.6,0.15,8.66,MEDIUM,8.72,15.83,22.61,0.6,1.3,0,0.0,TARGET,2,0.6,3.15,-5.27,
2025-02-24,666.0,657.27,666.0,670.0,639.81,0.6,0.15,8.73,MEDIUM,8.29,18.72,22.58,0.6,1.311,0,0.0,TARGET,1,0.6,5.9,-5.27,
2025-02-25,666.0,657.09,666.0,670.0,639.26,0.6,0.15,8.91,MEDIUM,8.31,16.84,22.43,0.6,1.338,0,0.0,TARGET,1,0.6,6.01,-5.27,
2025-02-26,660.0,650.45,660.0,670.0,631.35,1.52,0.35,9.55,MEDIUM,6.95,14.78,21.86,1.49,1.447,0,0.0,STOP,6,-4.34,6.97,-4.41,
2025-02-27,655.0,644.75,655.0,670.0,624.25,2.29,0.49,10.25,MEDIUM,3.98,14.29,22.43,2.24,1.565,1,100.0,TARGET,14,2.29,7.79,-3.68,
2025-02-28,640.1,628.71,640.1,670.0,605.92,4.67,0.87,11.39,MEDIUM,0.64,11.52,19.64,4.46,1.78,2,100.0,TARGET,13,4.67,10.3,-1.44,
2025-03-03,645.0,633.01,645.0,670.0,609.04,3.88,0.7,11.99,MEDIUM,2.22,13.16,20.11,3.73,1.858,2,100.0,TARGET,12,3.88,9.46,-2.19,
2025-03-04,638.0,626.59,638.0,670.0,603.76,5.02,0.93,11.41,MEDIUM,2.28,12.15,17.11,4.78,1.789,2,100.0,TARGET,11,5.02,10.66,-1.11,
2025-03-05,635.0,626.0,635.0,670.0,603.76,5.51,1.12,11.12,MEDIUM,2.07,11.99,17.59,5.22,1.751,2,100.0,TARGET,10,5.51,11.18,-0.65,
2025-03-06,634.0,626.0,634.0,670.0,604.2,5.68,1.21,10.9,MEDIUM,1.44,5.67,17.84,5.37,1.719,2,100.0,TARGET,9,5.68,11.36,-0.49,
2025-03-07,635.0,626.0,635.0,670.0,604.79,5.51,1.16,10.61,MEDIUM,0.78,10.43,18.58,5.22,1.67,2,100.0,TARGET,8,5.51,11.18,-0.65,
2025-03-10,637.1,626.34,637.1,670.0,604.83,5.16,1.02,10.76,MEDIUM,1.37,9.88,18.84,4.91,1.688,2,100.0,TARGET,7,5.16,10.81,-0.97,
2025-03-11,640.0,634.0,640.0,670.0,613.57,4.69,1.14,10.21,MEDIUM,1.59,13.07,18.91,4.48,1.596,2,100.0,TARGET,6,4.69,10.31,-1.42,
2025-03-12,633.0,633.0,633.0,670.0,611.11,5.85,1.69,10.94,MEDIUM,1.12,10.41,17.9,5.52,1.729,3,94.33,TARGET,5,5.85,11.53,-1.23,
2025-03-13,645.0,633.56,645.0,670.0,610.67,3.88,0.73,11.44,MEDIUM,0.78,12.76,20.34,3.73,1.774,2,91.5,TARGET,4,3.88,9.46,-3.07,
2025-03-14,649.0,637.76,649.0,670.0,615.29,3.24,0.62,11.24,MEDIUM,1.72,13.5,21.54,3.13,1.731,2,83.0,TARGET,3,3.24,8.78,-3.67,
2025-03-17,644.1,633.08,644.1,670.0,611.04,4.02,0.78,11.02,MEDIUM,-0.14,12.51,20.62,3.87,1.711,2,83.0,TARGET,2,4.02,9.61,-2.93,
2025-03-18,650.1,639.72,650.1,670.0,618.96,3.06,0.64,10.38,MEDIUM,0.31,13.06,20.5,2.97,1.596,2,83.0,TARGET,1,3.06,8.6,-3.83,
2025-03-19,670.1,659.33,670.1,670.1,637.79,0.0,0.0,10.77,MEDIUM,1.99,17.23,24.05,0.0,1.607,2,83.0,TARGET,1,0.0,5.36,-6.7,
2025-03-20,675.0,665.3,675.0,675.0,645.9,0.0,0.0,9.7,HIGH,0.75,18.11,22.84,0.0,1.437,2,83.0,TARGET,1,0.0,4.59,-7.38,
2025-03-21,687.0,677.72,687.0,687.0,659.16,0.0,0.0,9.28,HIGH,2.92,19.69,24.98,0.0,1.351,3,86.33,TARGET,1,0.0,2.77,-9.0,
2025-03-24,705.0,694.91,705.0,705.0,674.74,0.0,0.0,10.09,HIGH,5.86,22.82,28.25,0.0,1.431,3,86.33,TARGET,1,0.0,0.14,-11.32,
2025-03-25,693.1,681.94,693.1,705.0,659.61,1.72,0.36,11.16,MEDIUM,4.07,21.6,26.73,1.69,1.611,3,86.33,STOP,7,-4.83,1.43,-9.8,
2025-03-26,692.0,680.32,692.0,705.0,656.96,1.88,0.37,11.68,MEDIUM,3.9,21.51,25.82,1.84,1.688,2,88.0,STOP,6,-5.06,1.14,-9.65,
2025-03-27,690.1,677.56,690.1,705.0,652.49,2.16,0.4,12.54,MEDIUM,4.56,21.07,25.47,2.11,1.817,2,88.0,STOP,5,-5.45,1.42,-9.4,
2025-03-28,699.8,687.56,699.8,705.0,663.07,0.74,0.14,12.24,MEDIUM,6.84,23.64,26.09,0.74,1.749,1,93.0,STOP,4,-5.25,-0.4,-10.66,
2025-04-02,690.0,677.31,690.0,705.0,651.94,2.17,0.39,12.69,MEDIUM,7.8,21.91,27.07,2.13,1.839,2,81.5,STOP,3,-5.52,-0.29,-9.39,
2025-04-03,680.0,667.34,680.0,705.0,642.03,3.68,0.66,12.66,MEDIUM,5.43,19.51,25.0,3.55,1.861,2,81.5,STOP,2,-5.58,0.59,-8.06,
2025-04-04,675.0,662.56,675.0,705.0,637.67,4.44,0.8,12.44,MEDIUM,5.8,15.78,25.7,4.26,1.843,2,69.0,STOP,3,-5.53,0.0,-7.38,
2025-04-07,646.5,633.0,646.5,705.0,603.83,9.05,1.37,14.59,MEDIUM,1.81,6.18,20.39,8.3,2.256,2,69.0,EXPIRED,20,2.55,4.41,-3.29,
2025-04-08,658.9,643.06,658.9,705.0,611.39,7.0,0.97,15.84,MEDIUM,3.93,8.91,22.47,6.54,2.403,2,69.0,EXPIRED,20,0.94,2.44,-5.11,
2025-04-09,636.7,633.0,636.7,705.0,598.91,10.73,1.81,17.04,LOW,0.27,5.05,20.13,9.69,2.677,2,69.0,EXPIRED,20,5.23,6.02,-1.81,
2025-04-10,640.0,633.0,640.0,705.0,596.71,10.16,1.5,18.14,LOW,0.46,4.2,21.9,9.22,2.835,2,69.0,EXPIRED,20,4.06,5.16,-2.31,
2025-04-11,630.1,630.1,630.1,705.0,591.54,11.89,1.94,19.28,LOW,-1.55,1.33,16.69,10.62,3.06,2,69.0,EXPIRED,20,7.13,7.13,0.95,
2025-04-14,648.0,630.1,648.0,705.0,590.7,8.8,0.99,19.7,LOW,2.37,4.52,21.12,8.09,3.04,2,69.0,EXPIRED,20,4.15,4.46,-1.03,
2025-04-15,664.0,643.93,664.0,705.0,603.79,6.17,0.68,20.07,LOW,2.95,7.1,23.42,5.82,3.023,2,69.0,EXPIRED,20,1.81,1.94,-0.75,
2025-04-16,665.0,645.76,665.0,705.0,607.27,6.02,0.69,19.24,LOW,2.47,5.98,24.3,5.67,2.894,1,68.0,EXPIRED,20,1.5,1.8,-0.9,
2025-04-17,664.0,644.99,664.0,705.0,606.96,6.17,0.72,19.01,LOW,3.09,6.29,23.88,5.82,2.864,1,68.0,EXPIRED,20,0.47,1.96,-0.75,
2025-04-18,670.0,651.41,670.0,705.0,614.24,5.22,0.63,18.59,LOW,3.06,7.89,25.7,4.96,2.774,0,0.0,EXPIRED,20,0.3,1.04,-1.64,
2025-04-21,673.0,654.34,673.0,705.0,617.01,4.75,0.57,18.66,LOW,0.43,8.18,24.65,4.54,2.773,0,0.0,EXPIRED,20,1.04,1.04,-2.08,
2025-04-22,665.0,646.74,665.0,705.0,610.21,6.02,0.73,18.26,LOW,-1.48,8.34,23.61,5.67,2.747,0,0.0,EXPIRED,20,3.01,3.46,-0.9,
2025-04-23,660.0,642.0,660.0,705.0,606.0,6.82,0.83,18.0,LOW,-3.93,7.67,22.68,6.38,2.727,0,0.0,EXPIRED,20,5.0,6.21,-0.15,
2025-04-24,662.9,645.04,662.9,705.0,609.33,6.35,0.79,17.86,LOW,-5.97,8.21,23.01,5.97,2.694,0,0.0,EXPIRED,20,4.83,5.75,-0.59,
2025-04-25,663.0,647.29,663.0,705.0,615.86,6.33,0.89,15.71,MEDIUM,-4.34,7.8,23.69,5.96,2.37,0,0.0,EXPIRED,20,4.16,5.73,-0.6,
2025-04-28,665.0,650.61,665.0,705.0,621.82,6.02,0.93,14.39,MEDIUM,-3.9,8.15,23.15,5.67,2.164,0,0.0,EXPIRED,20,2.11,5.41,-0.9,
2025-04-29,659.0,645.89,659.0,705.0,619.66,6.98,1.17,13.11,MEDIUM,-4.51,6.79,20.92,6.52,1.99,0,0.0,EXPIRED,20,2.12,6.37,0.0,
2025-04-30,660.0,649.26,660.0,705.0,627.79,6.82,1.4,10.74,MEDIUM,-5.69,4.78,21.1,6.38,1.627,0,0.0,EXPIRED,20,0.42,6.21,-0.14,
2025-05-02,663.0,653.69,663.0,705.0,635.06,6.33,1.5,9.31,MEDIUM,-3.91,4.25,21.65,5.96,1.405,0,0.0,EXPIRED,20,0.15,5.73,-0.41,
2025-05-05,663.0,654.63,663.0,705.0,637.89,6.33,1.67,8.37,MEDIUM,-2.5,5.07,22.3,5.96,1.263,0,0.0,EXPIRED,20,1.06,5.73,-0.41,
2025-05-06,663.0,655.97,663.0,705.0,641.91,6.33,1.99,7.03,MEDIUM,-1.78,6.28,22.53,5.96,1.06,0,0.0,EXPIRED,20,1.81,5.73,-0.41,
2025-05-07,665.1,658.34,665.1,705.0,644.81,6.0,1.97,6.76,MEDIUM,2.88,6.91,20.95,5.66,1.017,0,0.0,EXPIRED,20,2.54,5.4,-0.47,
2025-05-08,670.0,663.36,670.0,705.0,650.09,5.22,1.76,6.64,MEDIUM,1.68,7.2,22.26,4.96,0.99,0,0.0,EXPIRED,20,2.01,4.63,-1.19,
2025-05-09,666.0,659.69,666.0,705.0,647.06,5.86,2.06,6.31,MEDIUM,4.6,5.7,21.8,5.53,0.948,0,0.0,EXPIRED,20,0.84,5.26,-0.6,
2025-05-12,675.0,668.76,675.0,705.0,656.27,4.44,1.6,6.24,MEDIUM,5.47,7.4,19.47,4.26,0.925,0,0.0,EXPIRED,20,0.74,3.85,-1.93,
2025-05-13,674.9,668.76,674.9,705.0,656.49,4.46,1.64,6.14,MEDIUM,7.11,7.13,18.38,4.27,0.909,0,0.0,EXPIRED,20,1.13,3.87,-1.91,
2025-05-14,676.0,670.13,676.0,705.0,658.39,4.29,1.65,5.87,MEDIUM,4.32,7.99,18.6,4.11,0.869,0,0.0,EXPIRED,20,1.21,3.7,-2.07,
2025-05-15,675.0,669.49,675.0,705.0,658.46,4.44,1.81,5.51,MEDIUM,1.66,5.47,18.42,4.26,0.817,0,0.0,EXPIRED,20,1.63,3.85,-1.93,
2025-05-16,667.1,661.31,667.1,705.0,649.72,5.68,2.18,5.79,MEDIUM,0.32,4.56,17.43,5.38,0.868,0,0.0,EXPIRED,20,1.35,5.08,-0.76,
2025-05-19,672.0,666.07,672.0,705.0,654.21,4.91,1.86,5.93,MEDIUM,1.2,4.19,17.96,4.68,0.882,0,0.0,EXPIRED,20,-0.07,4.32,-1.49,
2025-05-20,680.0,673.58,680.0,705.0,660.74,3.68,1.3,6.42,MEDIUM,1.49,4.92,17.65,3.55,0.944,1,68.0,EXPIRED,20,-2.5,3.09,-2.65,
2025-05-21,685.0,677.87,685.0,705.0,663.61,2.92,0.94,7.13,MEDIUM,1.78,4.26,17.29,2.84,1.041,1,68.0,STOP,6,-3.12,2.34,-4.22,
2025-05-22,693.0,685.01,693.0,705.0,669.02,1.73,0.5,7.99,MEDIUM,4.21,3.43,19.48,1.7,1.153,1,68.0,STOP,5,-3.46,0.87,-5.32,
2025-05-23,694.9,686.81,694.9,705.0,670.64,1.45,0.42,8.09,MEDIUM,5.29,4.1,20.75,1.43,1.164,1,68.0,STOP,2,-3.49,0.45,-5.58,
2025-05-26,690.6,682.32,690.6,705.0,665.76,2.09,0.58,8.28,MEDIUM,4.18,3.69,20.1,2.04,1.199,1,68.0,STOP,3,-3.6,0.64,-5.0,
2025-05-27,679.0,669.66,679.0,705.0,650.97,3.83,0.93,9.34,MEDIUM,2.41,1.95,21.03,3.69,1.376,1,68.0,EXPIRED,20,0.91,2.36,-3.37,
2025-05-28,673.0,663.56,673.0,705.0,644.67,4.75,1.13,9.44,MEDIUM,1.2,1.05,18.07,4.54,1.403,1,68.0,EXPIRED,20,2.97,3.27,-2.51,
2025-05-29,662.8,662.8,662.8,705.0,643.1,6.37,2.14,9.85,MEDIUM,0.58,0.42,15.27,5.99,1.486,1,68.0,EXPIRED,20,2.6,4.86,-1.01,
2025-05-30,664.0,662.8,664.0,705.0,643.37,6.17,1.99,9.71,MEDIUM,0.61,1.37,15.86,5.82,1.463,1,68.0,EXPIRED,20,2.71,4.67,-1.19,
2025-06-02,670.0,662.8,670.0,705.0,642.89,5.22,1.29,9.96,MEDIUM,1.06,4.67,16.72,4.96,1.486,1,68.0,EXPIRED,20,1.79,3.73,-2.07,
2025-06-03,675.0,665.06,675.0,705.0,645.19,4.44,1.01,9.94,MEDIUM,1.81,4.65,18.42,4.26,1.472,0,0.0,EXPIRED,20,2.22,2.96,-2.8,
2025-06-04,682.0,671.14,682.0,705.0,649.41,3.37,0.71,10.86,MEDIUM,2.87,6.9,19.88,3.26,1.593,0,0.0,EXPIRED,20,1.61,1.91,-3.8,
2025-06-05,683.5,672.34,683.5,705.0,650.03,3.15,0.64,11.16,MEDIUM,2.77,7.64,20.55,3.05,1.632,0,0.0,EXPIRED,20,2.41,2.41,-4.01,
2025-06-06,671.6,662.8,671.6,705.0,638.99,4.97,1.02,11.91,MEDIUM,0.24,5.93,11.93,4.74,1.773,0,0.0,EXPIRED,20,4.23,4.3,-2.31,
2025-06-10,680.0,667.49,680.0,705.0,642.46,3.68,0.67,12.51,MEDIUM,2.1,7.09,18.26,3.55,1.84,0,0.0,EXPIRED,20,2.91,3.09,-3.51,
2025-06-11,682.5,670.41,682.5,705.0,646.22,3.3,0.62,12.09,MEDIUM,1.11,7.13,17.71,3.19,1.772,0,0.0,EXPIRED,20,2.56,2.71,-3.87,
2025-06-12,684.2,672.89,684.2,705.0,650.28,3.04,0.61,11.31,MEDIUM,1.38,6.91,20.88,2.95,1.653,0,0.0,EXPIRED,20,2.44,2.46,-4.11,
2025-06-13,686.0,674.05,686.0,705.0,650.15,2.77,0.53,11.95,MEDIUM,1.48,8.37,19.66,2.7,1.742,0,0.0,EXPIRED,20,2.04,2.19,-4.36,
2025-06-16,676.1,663.61,676.1,705.0,638.62,4.27,0.77,12.49,MEDIUM,0.16,4.82,18.2,4.1,1.848,0,0.0,EXPIRED,20,3.51,3.68,-2.96,
2025-06-17,671.5,662.8,671.5,705.0,640.04,4.99,1.06,11.38,MEDIUM,0.66,3.47,17.44,4.75,1.695,0,0.0,EXPIRED,20,4.24,4.39,-2.29,
2025-06-18,663.0,662.8,663.0,705.0,640.17,6.33,1.84,11.31,MEDIUM,-1.34,2.93,15.81,5.96,1.707,0,0.0,EXPIRED,20,5.58,5.73,-1.04,
2025-06-19,658.0,658.0,658.0,705.0,635.56,7.14,2.09,11.22,MEDIUM,-3.24,1.22,14.43,6.67,1.705,0,0.0,TARGET,20,7.14,10.18,0.29,
2025-06-20,665.0,658.0,665.0,705.0,633.56,6.02,1.27,12.22,MEDIUM,-2.92,-0.76,16.34,5.67,1.838,0,0.0,TARGET,19,6.02,9.02,-0.77,
2025-06-23,660.0,658.0,660.0,705.0,633.53,6.82,1.7,12.24,MEDIUM,-4.76,-2.22,15.49,6.38,1.854,0,0.0,TARGET,18,6.82,9.85,1.52,
2025-06-24,680.0,666.69,680.0,705.0,640.08,3.68,0.63,13.31,MEDIUM,-2.14,-1.02,18.47,3.55,1.957,0,0.0,TARGET,17,3.68,6.62,-0.74,
2025-06-25,685.2,672.18,685.2,705.0,646.14,2.89,0.51,13.02,MEDIUM,-0.78,-2.81,19.37,2.81,1.9,0,0.0,TARGET,16,2.89,6.54,-1.49,
2025-06-26,693.0,680.06,693.0,705.0,654.17,1.73,0.31,12.94,MEDIUM,2.06,-0.01,21.58,1.7,1.868,0,0.0,TARGET,15,1.73,6.78,-2.6,
2025-06-30,680.0,667.37,680.0,705.0,642.11,3.68,0.66,12.63,MEDIUM,1.04,-1.73,19.4,3.55,1.857,0,0.0,TARGET,14,3.68,8.82,-0.74,
2025-07-01,682.0,670.4,682.0,705.0,647.2,3.37,0.66,11.6,MEDIUM,2.9,-1.17,19.65,3.26,1.701,0,0.0,TARGET,13,3.37,8.5,-1.03,
2025-07-02,682.0,670.4,682.0,705.0,647.2,3.37,0.66,11.6,MEDIUM,2.71,-2.54,20.49,3.26,1.701,0,0.0,TARGET,12,3.37,10.7,-0.29,
2025-07-03,690.0,678.19,690.0,705.0,654.56,2.17,0.42,11.81,MEDIUM,2.99,0.0,21.91,2.13,1.712,0,0.0,TARGET,11,2.17,10.87,-1.45,
2025-07-04,693.0,681.33,693.0,705.0,657.99,1.73,0.34,11.67,MEDIUM,2.67,1.91,21.79,1.7,1.684,0,0.0,TARGET,10,1.73,10.39,-1.43,
2025-07-07,700.0,688.19,700.0,705.0,664.58,0.71,0.14,11.81,MEDIUM,2.64,3.7,20.07,0.71,1.687,0,0.0,TARGET,9,0.71,9.29,-1.71,
2025-07-08,700.0,688.16,700.0,705.0,664.49,0.71,0.14,11.84,MEDIUM,2.41,8.28,14.96,0.71,1.691,0,0.0,TARGET,8,0.71,9.7,-1.71,
2025-07-09,699.8,688.16,699.8,705.0,664.89,0.74,0.15,11.64,MEDIUM,4.2,6.21,15.67,0.74,1.663,0,0.0,TARGET,7,0.74,10.75,-1.69,
2025-07-10,700.0,688.79,700.0,705.0,666.36,0.71,0.15,11.21,MEDIUM,2.94,9.94,15.49,0.71,1.602,0,0.0,TARGET,6,0.71,12.86,-1.71,
2025-07-11,700.9,690.93,700.9,705.0,670.99,0.58,0.14,9.97,MEDIUM,2.7,9.52,14.12,0.58,1.423,0,0.0,TARGET,5,0.58,12.71,-1.84,
2025-07-14,700.0,690.44,700.0,705.0,671.33,0.71,0.17,9.56,MEDIUM,2.31,11.09,12.58,0.71,1.365,0,0.0,TARGET,4,0.71,12.86,-1.71,
2025-07-15,699.8,691.39,699.8,705.0,674.58,0.74,0.21,8.41,MEDIUM,2.01,7.99,12.87,0.74,1.201,0,0.0,TARGET,3,0.74,12.89,-1.69,
2025-07-16,700.0,692.02,700.0,705.0,676.06,0.71,0.21,7.98,MEDIUM,3.53,5.42,12.9,0.71,1.14,0,0.0,TARGET,2,0.71,12.86,-1.71,
2025-07-17,700.0,692.01,700.0,705.0,676.04,0.71,0.21,7.99,MEDIUM,4.24,5.26,11.55,0.71,1.141,0,0.0,TARGET,1,0.71,12.86,-1.4,
2025-07-18,725.0,715.46,725.0,725.0,696.37,0.0,0.0,9.54,MEDIUM,9.35,9.19,16.06,0.0,1.316,0,0.0,TARGET,4,0.0,8.97,-2.76,
2025-07-21,718.0,707.53,718.0,725.0,686.59,0.97,0.22,10.47,MEDIUM,9.12,7.16,15.62,0.97,1.458,0,0.0,TARGET,3,0.97,10.03,-1.53,
2025-07-22,710.9,700.5,710.9,725.0,679.7,1.98,0.45,10.4,MEDIUM,6.9,5.63,14.27,1.94,1.463,1,78.0,TARGET,2,1.98,11.13,-0.55,
2025-07-23,710.0,699.89,710.0,725.0,679.68,2.11,0.49,10.11,MEDIUM,7.58,6.77,15.67,2.07,1.424,1,78.0,TARGET,1,2.11,11.27,-0.42,
2025-07-24,730.0,719.18,730.0,730.0,697.54,0.0,0.0,10.82,MEDIUM,7.35,10.61,19.09,0.0,1.482,1,78.0,TARGET,1,0.0,8.22,-1.23,
2025-07-25,735.0,724.03,735.0,735.0,702.09,0.0,0.0,10.97,MEDIUM,7.27,10.88,19.98,0.0,1.493,1,78.0,TARGET,2,0.0,7.48,-1.77,
2025-07-28,726.0,714.49,726.0,735.0,691.46,1.24,0.26,11.51,MEDIUM,4.76,9.5,18.05,1.22,1.586,1,78.0,TARGET,1,1.24,8.82,-0.12,
2025-07-29,740.0,727.83,740.0,740.0,703.49,0.0,0.0,12.17,MEDIUM,8.82,11.28,20.34,0.0,1.645,1,78.0,TARGET,1,0.0,6.76,-0.54,
2025-07-31,750.0,736.69,750.0,750.0,710.06,0.0,0.0,13.31,MEDIUM,9.97,13.81,21.54,0.0,1.775,1,78.0,TARGET,1,0.0,5.33,-0.93,
2025-08-01,750.0,735.94,750.0,750.0,707.83,0.0,0.0,14.06,MEDIUM,9.97,13.64,19.07,0.0,1.874,1,78.0,TARGET,1,0.0,5.33,-0.93,
2025-08-04,750.0,735.75,750.0,750.0,707.25,0.0,0.0,14.25,MEDIUM,8.7,13.12,17.92,0.0,1.9,1,78.0,TARGET,1,0.0,5.33,-0.33,
2025-08-05,753.0,738.64,753.0,753.0,709.91,0.0,0.0,14.36,MEDIUM,8.66,13.57,19.33,0.0,1.908,0,0.0,TARGET,1,0.0,4.91,-0.4,
2025-08-06,767.9,752.61,767.9,767.9,722.04,0.0,0.0,15.29,MEDIUM,9.7,15.82,23.1,0.0,1.991,1,83.0,TARGET,1,0.0,2.88,-1.81,
2025-08-07,769.7,754.2,769.7,769.7,723.2,0.0,0.0,15.5,MEDIUM,9.96,15.73,23.73,0.0,2.014,1,83.0,TARGET,1,0.0,2.64,-2.04,
2025-08-08,767.9,753.31,767.9,769.7,724.12,0.23,0.04,14.59,MEDIUM,9.73,14.61,22.86,0.23,1.9,1,83.0,TARGET,1,0.23,2.86,-1.81,
2025-08-11,768.9,755.02,768.9,769.7,727.26,0.1,0.02,13.88,MEDIUM,9.84,15.45,22.03,0.1,1.805,1,83.0,TARGET,1,0.1,2.73,-1.94,
2025-08-12,768.0,754.48,768.0,769.7,727.44,0.22,0.04,13.52,MEDIUM,9.57,13.78,22.2,0.22,1.761,1,83.0,TARGET,5,0.22,2.85,-1.82,
2025-08-13,765.0,750.69,765.0,769.7,722.06,0.61,0.11,14.31,MEDIUM,9.29,13.35,21.43,0.61,1.871,1,83.0,TARGET,4,0.61,3.25,-1.31,
2025-08-15,760.0,746.76,760.0,769.7,720.27,1.28,0.24,13.24,MEDIUM,8.6,12.43,21.41,1.26,1.742,1,83.0,TARGET,3,1.28,3.93,-0.66,
2025-08-18,755.0,742.19,755.0,769.7,716.56,1.95,0.38,12.81,MEDIUM,7.86,11.85,17.97,1.91,1.697,1,83.0,TARGET,2,1.95,4.62,0.0,
2025-08-19,755.0,742.76,755.0,769.7,718.27,1.95,0.4,12.24,MEDIUM,7.86,13.18,18.34,1.91,1.622,1,83.0,TARGET,1,1.95,4.62,0.0,
2025-08-22,789.9,776.23,789.9,789.9,748.89,0.0,0.0,13.67,MEDIUM,8.95,17.54,22.47,0.0,1.731,0,0.0,TARGET,20,0.0,0.01,-4.04,
2025-08-25,783.0,768.91,783.0,789.9,740.72,0.88,0.16,14.09,MEDIUM,9.05,15.15,20.81,0.87,1.8,0,0.0,TARGET,19,0.88,0.89,-3.19,
2025-08-26,780.0,765.78,780.0,789.9,737.34,1.27,0.23,14.22,MEDIUM,9.72,13.87,18.72,1.25,1.823,0,0.0,TARGET,18,1.27,1.28,-2.82,
2025-08-27,786.5,771.98,786.5,789.9,742.94,0.43,0.08,14.52,MEDIUM,10.77,13.49,17.39,0.43,1.846,0,0.0,TARGET,17,0.43,0.45,-3.62,
2025-08-28,781.0,766.23,781.0,789.9,736.69,1.14,0.2,14.77,MEDIUM,6.99,12.39,17.0,1.13,1.891,0,0.0,TARGET,16,1.14,1.15,-2.94,
2025-08-29,781.0,767.01,781.0,789.9,739.04,1.14,0.21,13.99,MEDIUM,6.26,13.09,17.27,1.13,1.791,0,0.0,TARGET,15,1.14,1.15,-3.84,
2025-09-01,780.1,766.83,780.1,789.9,740.29,1.26,0.25,13.27,MEDIUM,7.45,14.89,17.13,1.24,1.701,0,0.0,TARGET,14,1.26,1.27,-7.06,
2025-09-02,777.1,764.91,777.1,789.9,740.52,1.65,0.35,12.19,MEDIUM,5.01,15.47,16.68,1.62,1.569,0,0.0,TARGET,13,1.65,1.66,-8.51,
2025-09-03,778.0,766.24,778.0,789.9,742.71,1.53,0.34,11.76,MEDIUM,3.73,17.38,17.88,1.51,1.512,0,0.0,TARGET,12,1.53,1.54,-11.31,
2025-09-04,780.0,767.89,780.0,789.9,743.66,1.27,0.27,12.11,MEDIUM,4.0,17.47,19.08,1.25,1.553,0,0.0,TARGET,11,1.27,1.28,-11.54,
2025-09-08,780.0,768.74,780.0,789.9,746.23,1.27,0.29,11.26,MEDIUM,4.0,16.42,21.86,1.25,1.443,0,0.0,TARGET,10,1.27,1.28,-11.54,
2025-09-09,758.0,755.0,758.0,789.9,729.91,4.21,1.14,12.54,MEDIUM,0.66,12.3,17.52,4.04,1.655,0,0.0,TARGET,9,4.21,4.22,-8.97,
2025-09-10,774.9,761.79,774.9,789.9,735.56,1.94,0.38,13.11,MEDIUM,0.91,13.62,21.46,1.9,1.692,0,0.0,TARGET,8,1.94,1.95,-10.96,
2025-09-11,777.0,763.82,777.0,789.9,737.46,1.66,0.33,13.18,MEDIUM,0.95,13.68,22.36,1.63,1.696,0,0.0,TARGET,7,1.66,1.67,-11.2,
2025-09-12,772.0,760.76,772.0,789.9,738.27,2.32,0.53,11.24,MEDIUM,0.53,14.95,21.77,2.27,1.456,0,0.0,TARGET,6,2.32,2.33,-10.62,
2025-09-15,769.9,759.72,769.9,789.9,739.36,2.6,0.65,10.18,MEDIUM,0.13,13.22,21.24,2.53,1.322,0,0.0,TARGET,5,2.6,2.61,-10.38,
2025-09-16,772.0,762.73,772.0,789.9,744.19,2.32,0.64,9.27,MEDIUM,0.52,13.11,21.17,2.27,1.201,0,0.0,TARGET,4,2.32,2.33,-10.62,
2025-09-17,775.2,766.37,775.2,789.9,748.71,1.9,0.56,8.83,MEDIUM,1.33,13.3,21.13,1.86,1.139,0,0.0,TARGET,3,1.9,1.91,-10.99,
2025-09-18,777.0,768.56,777.0,789.9,751.69,1.66,0.51,8.44,MEDIUM,2.24,13.27,22.75,1.63,1.086,0,0.0,TARGET,2,1.66,1.67,-11.2,
2025-09-19,778.0,769.66,778.0,789.9,752.99,1.53,0.48,8.34,MEDIUM,3.05,15.07,20.62,1.51,1.071,0,0.0,TARGET,1,1.53,1.54,-11.31,
2025-09-22,787.5,778.66,787.5,789.9,760.99,0.3,0.09,8.84,MEDIUM,4.3,17.27,21.34,0.3,1.122,0,0.0,STOP,4,-3.37,0.06,-12.38,
2025-09-23,775.1,765.84,775.1,789.9,747.33,1.91,0.53,9.26,MEDIUM,-1.87,16.91,20.34,1.87,1.194,0,0.0,STOP,5,-3.58,1.28,-10.98,
2025-09-24,770.1,759.86,770.1,789.9,739.37,2.57,0.64,10.24,MEDIUM,-1.65,17.04,18.46,2.51,1.33,0,0.0,STOP,4,-3.99,1.92,-10.4,
2025-09-25,765.0,758.0,765.0,789.9,737.63,3.25,0.91,10.19,MEDIUM,-1.92,15.04,14.16,3.15,1.331,0,0.0,STOP,3,-3.58,2.61,-9.8,
2025-09-26,762.3,758.0,762.3,789.9,736.96,3.62,1.09,10.52,MEDIUM,-3.08,15.5,12.93,3.49,1.38,0,0.0,STOP,2,-3.32,2.98,-9.48,
2025-09-29,751.0,751.0,751.0,789.9,731.67,5.18,2.01,9.66,MEDIUM,-3.84,10.44,9.32,4.92,1.287,0,0.0,STOP,1,-2.57,4.53,-8.12,
2025-09-30,745.0,745.0,745.0,789.9,724.96,6.03,2.24,10.02,MEDIUM,-4.61,8.73,5.67,5.68,1.345,0,0.0,STOP,1,-2.69,5.37,-7.38,
2025-10-01,725.0,725.0,725.0,789.9,700.94,8.95,2.7,12.03,MEDIUM,-7.06,4.62,4.6,8.22,1.659,0,0.0,STOP,1,-3.32,8.28,-4.83,
2025-10-02,724.9,724.9,724.9,789.9,694.4,8.97,2.13,15.25,MEDIUM,-6.72,6.6,4.75,8.23,2.104,0,0.0,EXPIRED,20,7.19,8.29,-2.06,
2025-10-03,740.0,724.9,740.0,789.9,692.1,6.74,1.04,16.4,MEDIUM,-4.88,8.5,7.23,6.32,2.216,0,0.0,EXPIRED,20,5.0,6.08,-4.05,
2025-10-06,756.0,738.11,756.0,789.9,702.34,4.48,0.63,17.89,MEDIUM,-3.08,10.85,8.03,4.29,2.366,0,0.0,TARGET,20,4.48,6.35,-6.08,
2025-10-07,751.0,732.79,751.0,789.9,696.36,5.18,0.71,18.21,MEDIUM,-3.72,8.84,8.84,4.92,2.425,0,0.0,TARGET,19,5.18,7.06,-5.46,
2025-10-08,746.0,727.26,746.0,789.9,689.77,5.88,0.78,18.74,LOW,-1.58,7.65,9.71,5.56,2.512,0,0.0,TARGET,18,5.88,7.77,-4.83,
2025-10-09,730.0,724.9,730.0,789.9,684.63,8.21,1.32,20.14,LOW,-5.79,4.29,8.15,7.58,2.758,0,0.0,TARGET,17,8.21,10.14,-2.74,
2025-10-10,730.0,724.9,730.0,789.9,684.91,8.21,1.33,19.99,LOW,-6.05,4.29,12.92,7.58,2.739,0,0.0,TARGET,16,8.21,10.14,-2.74,
2025-10-13,739.8,724.9,739.8,789.9,683.77,6.77,0.89,20.56,LOW,-4.17,5.72,12.28,6.34,2.78,0,0.0,TARGET,15,6.77,8.68,-4.03,
2025-10-14,730.0,724.9,730.0,789.9,683.49,8.21,1.29,20.71,LOW,-5.18,4.29,14.65,7.58,2.837,0,0.0,TARGET,14,8.21,10.14,-2.74,
2025-10-15,715.0,715.0,715.0,789.9,669.89,10.48,1.66,22.56,LOW,-7.38,2.01,11.72,9.48,3.155,0,0.0,TARGET,13,10.48,12.45,0.0,
2025-10-16,730.0,715.0,730.0,789.9,667.56,8.21,0.96,23.72,LOW,-5.83,4.29,15.85,7.58,3.25,0,0.0,TARGET,12,8.21,10.14,-1.37,
2025-10-17,728.0,715.0,728.0,789.9,667.27,8.5,1.02,23.86,LOW,-6.31,4.03,12.35,7.84,3.278,0,0.0,TARGET,11,8.5,10.44,0.11,
2025-10-20,744.0,720.85,744.0,789.9,674.55,6.17,0.66,23.15,LOW,-4.37,6.29,12.05,5.81,3.112,0,0.0,TARGET,10,6.17,8.06,-3.35,
2025-10-21,768.3,745.84,768.3,789.9,700.93,2.81,0.32,22.46,LOW,-2.44,9.76,15.53,2.73,2.923,0,0.0,TARGET,9,2.81,4.65,-7.59,
2025-10-22,780.0,760.14,780.0,789.9,720.41,1.27,0.17,19.86,LOW,0.63,7.59,17.47,1.25,2.547,0,0.0,TARGET,8,1.27,3.08,-8.97,
2025-10-23,780.0,760.79,780.0,789.9,722.36,1.27,0.17,19.21,MEDIUM,1.29,8.64,16.42,1.25,2.463,0,0.0,TARGET,7,1.27,3.08,-9.94,
2025-10-24,779.9,761.89,779.9,789.9,725.88,1.28,0.19,18.01,MEDIUM,1.95,9.71,15.88,1.27,2.309,0,0.0,TARGET,6,1.28,3.09,-9.92,
2025-10-27,773.0,755.19,773.0,789.9,719.56,2.19,0.32,17.81,MEDIUM,1.4,8.87,16.24,2.14,2.305,0,0.0,TARGET,5,2.19,4.01,-9.12,
2025-10-28,777.0,759.54,777.0,789.9,724.63,1.66,0.25,17.46,MEDIUM,3.46,6.44,17.73,1.63,2.247,0,0.0,TARGET,4,1.66,3.47,-9.59,
2025-10-29,777.0,760.98,777.0,789.9,728.94,1.66,0.27,16.02,MEDIUM,4.3,5.71,17.21,1.63,2.062,0,0.0,TARGET,3,1.66,3.47,-9.59,
2025-10-30,777.0,761.26,777.0,789.9,729.79,1.66,0.27,15.74,MEDIUM,7.17,7.02,17.19,1.63,2.025,0,0.0,TARGET,2,1.66,3.47,-9.59,
2025-10-31,777.0,761.56,777.0,789.9,730.67,1.66,0.28,15.44,MEDIUM,7.19,5.0,16.84,1.63,1.987,0,0.0,TARGET,1,1.66,3.47,-9.59,
2025-11-03,780.0,764.04,780.0,789.9,732.13,1.27,0.21,15.96,MEDIUM,5.41,4.0,18.36,1.25,2.046,0,0.0,STOP,5,-6.14,0.0,-9.94,
2025-11-04,770.0,755.69,770.0,789.9,727.06,2.58,0.46,14.31,MEDIUM,1.85,2.67,16.67,2.52,1.859,0,0.0,STOP,9,-5.58,1.3,-8.77,
2025-11-05,767.0,753.69,767.0,789.9,727.06,2.99,0.57,13.31,MEDIUM,2.13,2.27,15.69,2.9,1.736,0,0.0,STOP,8,-5.21,1.69,-8.41,
2025-11-07,766.0,752.4,766.0,789.9,725.2,3.12,0.59,13.6,MEDIUM,2.68,1.73,15.54,3.03,1.775,0,0.0,STOP,7,-5.33,-0.13,-8.29,
2025-11-10,745.0,731.04,745.0,789.9,703.13,6.03,1.07,13.96,MEDIUM,2.05,-2.98,12.37,5.68,1.873,0,0.0,STOP,9,-5.62,2.0,-5.7,
2025-11-11,731.0,716.71,731.0,789.9,688.14,8.06,1.37,14.29,MEDIUM,0.14,-5.03,9.91,7.46,1.954,0,0.0,EXPIRED,20,-1.52,3.68,-3.9,
2025-11-12,731.0,715.98,731.0,789.9,685.94,8.06,1.31,15.02,MEDIUM,-1.19,-4.81,9.1,7.46,2.055,0,0.0,EXPIRED,20,-0.97,2.59,-3.9,
2025-11-13,741.9,728.0,741.9,789.9,698.39,6.47,1.1,14.81,MEDIUM,1.63,-3.51,11.4,6.08,1.996,0,0.0,EXPIRED,20,-2.95,1.08,-5.31,
2025-11-14,736.0,728.0,736.0,789.9,698.11,7.32,1.42,14.94,MEDIUM,2.94,-4.17,9.04,6.82,2.03,0,0.0,EXPIRED,20,-1.43,1.89,-4.55,
2025-11-17,728.8,728.8,728.8,789.9,696.89,8.38,1.91,15.96,MEDIUM,-0.16,-4.73,7.99,7.74,2.19,1,100.0,EXPIRED,20,-0.38,0.85,-3.61,
2025-11-19,719.9,719.9,719.9,789.9,687.41,9.72,2.15,16.24,MEDIUM,-1.11,-5.28,6.49,8.86,2.256,1,100.0,EXPIRED,20,2.51,2.78,-2.42,
2025-11-20,711.0,711.0,711.0,789.9,677.79,11.1,2.38,16.61,MEDIUM,-4.44,-5.83,5.33,9.99,2.336,1,100.0,EXPIRED,20,4.84,4.84,-1.2,
2025-11-21,713.0,711.0,713.0,789.9,678.07,10.79,2.2,16.46,MEDIUM,-7.2,-5.56,6.88,9.74,2.309,1,100.0,EXPIRED,20,7.15,7.15,-1.47,
2025-11-24,720.0,711.0,720.0,789.9,676.83,9.71,1.62,17.09,MEDIUM,-7.69,-8.85,7.14,8.85,2.373,1,100.0,EXPIRED,20,5.56,6.13,-0.69,
2025-11-25,725.0,711.0,725.0,789.9,679.26,8.95,1.42,15.87,MEDIUM,-7.05,-7.41,6.62,8.22,2.189,1,100.0,EXPIRED,20,4.0,5.39,-1.38,
2025-11-26,730.0,714.49,730.0,789.9,683.46,8.21,1.29,15.51,MEDIUM,-6.4,-6.41,6.57,7.58,2.125,1,100.0,EXPIRED,20,2.74,4.67,-2.05,
2025-11-27,734.0,718.49,734.0,789.9,687.46,7.62,1.2,15.51,MEDIUM,-5.05,-6.68,5.92,7.08,2.114,1,100.0,EXPIRED,20,0.95,4.1,-2.59,
2025-11-28,731.5,716.99,731.5,789.9,687.98,7.98,1.34,14.51,MEDIUM,-5.86,-6.34,5.27,7.39,1.983,1,100.0,EXPIRED,20,-1.57,4.46,-2.26,
2025-12-01,720.0,711.0,720.0,789.9,682.84,9.71,1.88,14.08,MEDIUM,-7.34,-7.81,4.26,8.85,1.955,0,0.0,STOP,20,-5.16,6.13,-6.94,
2025-12-02,720.2,711.0,720.2,789.9,685.61,9.68,2.02,12.69,MEDIUM,-7.31,-7.68,6.07,8.82,1.762,0,0.0,STOP,19,-4.8,6.1,-6.97,
2025-12-03,720.2,711.0,720.2,789.9,688.31,9.68,2.19,11.34,MEDIUM,-7.31,-7.32,7.01,8.82,1.575,0,0.0,STOP,18,-4.43,6.1,-6.97,
2025-12-04,718.5,711.0,718.5,789.9,689.26,9.94,2.44,10.87,MEDIUM,-7.88,-7.65,8.4,9.04,1.513,0,0.0,STOP,17,-4.07,6.35,-6.75,
2025-12-05,725.0,714.2,725.0,789.9,692.6,8.95,2.0,10.8,MEDIUM,-5.84,-7.05,9.19,8.22,1.49,0,0.0,STOP,16,-4.47,5.39,-7.59,
2025-12-08,719.9,711.0,719.9,787.08,690.97,9.33,2.32,10.01,MEDIUM,-6.14,-7.71,7.45,8.86,1.391,0,0.0,STOP,15,-4.02,6.14,-6.93,
2025-12-09,720.0,711.0,720.0,783.44,692.09,8.81,2.27,9.46,MEDIUM,-6.01,-5.01,6.67,8.85,1.313,1,68.0,STOP,14,-3.88,7.22,-6.94,
2025-12-10,719.9,711.0,719.9,782.38,692.37,8.68,2.27,9.31,MEDIUM,-3.37,-7.1,5.56,8.86,1.294,1,68.0,STOP,13,-3.82,7.24,-6.93,
2025-12-11,723.9,714.59,723.9,786.38,695.96,8.63,2.24,9.31,MEDIUM,-0.97,-6.83,5.91,8.36,1.287,1,68.0,STOP,12,-3.86,6.64,-7.45,
2025-12-12,720.0,712.04,720.0,773.38,696.13,7.41,2.24,7.96,MEDIUM,-1.5,-6.74,7.21,8.85,1.105,1,68.0,STOP,11,-3.32,7.22,-6.94,
2025-12-15,725.5,717.47,725.5,779.36,701.41,7.42,2.24,8.03,MEDIUM,-2.21,-5.77,6.69,8.15,1.107,1,68.0,STOP,10,-3.32,6.41,-7.65,
2025-12-16,726.0,717.94,726.0,780.05,701.83,7.44,2.24,8.06,MEDIUM,-1.36,-5.96,6.37,8.09,1.11,1,68.0,STOP,9,-3.33,6.34,-7.71,
2025-12-17,738.0,729.66,738.0,789.9,712.99,7.03,2.08,8.34,MEDIUM,1.26,-4.8,7.86,6.57,1.13,1,68.0,STOP,8,-3.39,4.61,-9.21,
2025-12-18,745.4,736.96,745.4,789.9,720.07,5.97,1.76,8.44,MEDIUM,3.54,-4.07,8.66,5.63,1.133,1,68.0,STOP,6,-3.4,3.57,-10.12,
2025-12-19,764.0,755.06,764.0,789.9,737.19,3.39,0.97,8.94,MEDIUM,7.45,-1.8,13.0,3.28,1.17,1,68.0,STOP,5,-3.51,1.05,-12.3,
2025-12-22,760.0,751.09,760.0,789.9,733.28,3.93,1.12,8.91,MEDIUM,6.59,-3.49,13.18,3.79,1.172,1,68.0,STOP,4,-3.52,1.58,-11.84,
2025-12-23,754.0,744.59,754.0,789.9,725.78,4.76,1.27,9.41,MEDIUM,4.72,-2.72,13.73,4.54,1.248,0,0.0,STOP,3,-3.74,2.39,-11.14,
2025-12-24,750.0,740.76,750.0,789.9,722.29,5.32,1.44,9.24,MEDIUM,3.45,-2.61,13.98,5.05,1.231,0,0.0,STOP,2,-3.69,2.93,-10.67,
2025-12-25,741.0,731.4,741.0,789.9,712.2,6.6,1.7,9.6,MEDIUM,1.51,-3.14,11.43,6.19,1.296,0,0.0,STOP,2,-3.89,4.18,-9.58,
2025-12-26,720.0,718.5,720.0,789.9,696.46,9.71,2.97,11.02,MEDIUM,-1.91,-5.55,9.09,8.85,1.531,0,0.0,STOP,1,-3.27,7.22,-6.94,
2025-12-29,718.0,718.0,718.0,789.9,684.69,10.01,2.16,16.66,MEDIUM,-1.85,-4.39,5.59,9.1,2.32,0,0.0,EXPIRED,20,3.06,7.52,-0.91,
2025-12-30,729.0,718.0,729.0,789.9,683.33,8.35,1.33,17.34,MEDIUM,1.25,-2.15,6.39,7.71,2.378,1,70.0,EXPIRED,20,1.5,5.9,-1.51,
2025-12-31,730.1,718.0,730.1,789.9,682.63,8.19,1.26,17.69,MEDIUM,1.37,0.7,5.35,7.57,2.422,1,70.0,EXPIRED,20,0.67,5.74,-1.66,
2026-01-02,744.9,725.9,744.9,789.9,687.9,6.04,0.79,19.0,LOW,3.43,2.76,9.54,5.7,2.551,1,70.0,EXPIRED,20,-1.46,3.64,-3.61,
2026-01-05,749.0,729.39,749.0,789.9,690.18,5.46,0.7,19.61,LOW,4.24,1.22,9.82,5.18,2.618,1,70.0,EXPIRED,20,-2.8,3.07,-4.14,
2026-01-06,757.0,736.85,757.0,789.9,696.55,4.35,0.54,20.15,LOW,4.41,0.13,11.0,4.17,2.662,1,70.0,EXPIRED,20,-3.75,1.98,-5.15,
2026-01-07,755.2,734.83,755.2,789.9,694.09,4.59,0.57,20.37,LOW,4.9,0.56,9.45,4.39,2.697,1,70.0,EXPIRED,20,-4.14,1.28,-4.93,
2026-01-08,755.1,734.56,755.1,789.9,693.47,4.61,0.56,20.54,LOW,4.88,1.22,8.96,4.41,2.721,1,70.0,EXPIRED,20,-3.19,1.3,-5.3,
2026-01-09,764.5,744.61,764.5,789.9,704.84,3.32,0.43,19.89,LOW,6.2,4.73,9.21,3.22,2.601,1,70.0,EXPIRED,20,-4.91,-0.59,-6.46,
2026-01-12,752.0,731.73,752.0,789.9,691.19,5.04,0.62,20.27,LOW,3.88,3.01,7.43,4.8,2.696,1,70.0,EXPIRED,20,-3.32,0.13,-4.91,
2026-01-13,748.9,729.13,748.9,789.9,689.59,5.47,0.69,19.77,LOW,4.01,1.23,7.02,5.19,2.64,0,0.0,EXPIRED,20,-2.52,0.15,-4.51,
2026-01-15,742.0,721.81,742.0,789.9,681.42,6.46,0.79,20.19,LOW,2.27,1.64,6.0,6.06,2.721,0,0.0,EXPIRED,20,1.08,1.08,-3.63,
2026-01-16,749.0,728.82,749.0,789.9,688.46,5.46,0.68,20.18,LOW,3.17,4.76,6.86,5.18,2.694,0,0.0,EXPIRED,20,0.13,0.8,-4.53,
2026-01-19,735.0,718.0,735.0,789.9,679.93,7.47,1.0,19.04,LOW,-0.41,0.68,5.0,6.95,2.59,0,0.0,EXPIRED,20,2.72,2.72,-2.71,
2026-01-20,734.0,719.76,734.0,789.9,691.27,7.62,1.31,14.24,MEDIUM,-1.53,0.82,4.89,7.08,1.94,0,0.0,EXPIRED,20,2.86,2.86,-2.57,
2026-01-21,721.0,718.0,721.0,789.9,690.01,9.56,2.22,13.99,MEDIUM,-5.63,-3.09,3.0,8.72,1.941,0,0.0,EXPIRED,20,4.76,5.41,-0.82,
2026-01-22,730.0,718.0,730.0,789.9,689.29,8.21,1.47,14.36,MEDIUM,-3.95,-4.99,4.29,7.58,1.967,0,0.0,EXPIRED,20,4.11,4.11,-2.04,
2026-01-23,725.4,718.0,725.4,789.9,691.86,8.89,1.92,13.07,MEDIUM,-3.79,-7.0,0.06,8.17,1.802,0,0.0,EXPIRED,20,4.77,4.77,-1.42,
2026-01-26,720.1,718.0,720.1,789.9,693.0,9.69,2.58,12.5,MEDIUM,-3.99,-7.68,0.29,8.84,1.736,0,0.0,EXPIRED,20,4.85,5.54,-0.69,
2026-01-27,740.0,727.0,740.0,789.9,701.0,6.74,1.28,13.0,MEDIUM,-0.13,-5.12,4.09,6.32,1.757,0,0.0,EXPIRED,20,1.88,2.7,-3.36,
2026-01-28,740.0,727.29,740.0,789.9,701.88,6.74,1.31,12.71,MEDIUM,2.78,-4.27,4.23,6.32,1.717,0,0.0,EXPIRED,20,1.22,2.7,-3.36,
2026-01-29,739.9,727.22,739.9,789.9,701.86,6.76,1.31,12.68,MEDIUM,3.05,-4.77,1.36,6.33,1.714,0,0.0,EXPIRED,20,-0.12,2.72,-3.35,
2026-01-30,735.0,722.53,735.0,789.9,697.59,7.47,1.47,12.47,MEDIUM,0.82,-5.41,0.0,6.95,1.697,0,0.0,EXPIRED,20,-1.22,3.4,-2.71,
2026-02-02,734.0,721.85,734.0,789.9,697.55,7.62,1.53,12.15,MEDIUM,0.53,-5.53,1.1,7.08,1.655,0,0.0,EXPIRED,20,-3.28,3.54,-4.63,
2026-02-03,728.0,720.1,728.0,789.9,695.51,8.5,1.91,12.29,MEDIUM,-2.27,-6.31,-1.62,7.84,1.689,0,0.0,STOP,20,-4.46,4.4,-7.83,
2026-02-04,728.6,720.1,728.6,789.9,696.36,8.41,1.9,11.87,MEDIUM,-2.72,-6.59,-2.85,7.76,1.629,0,0.0,STOP,19,-4.42,4.31,-7.91,
2026-02-05,723.9,720.1,723.9,789.9,697.24,9.12,2.48,11.43,MEDIUM,-4.37,-5.99,-3.48,8.36,1.579,0,0.0,STOP,18,-3.68,4.99,-7.31,
2026-02-06,731.0,720.1,731.0,789.9,696.97,8.06,1.73,11.56,MEDIUM,-3.2,-4.69,-2.53,7.46,1.582,0,0.0,STOP,17,-4.66,3.97,-8.21,
2026-02-09,727.0,720.1,727.0,789.9,697.53,8.65,2.13,11.29,MEDIUM,-3.72,-5.09,-3.45,7.96,1.552,0,0.0,STOP,16,-4.05,4.54,-8.13,
2026-02-10,727.0,720.1,727.0,789.9,698.24,8.65,2.19,10.93,MEDIUM,-4.91,-2.42,-5.33,7.96,1.503,0,0.0,STOP,15,-3.96,4.54,-8.13,
2026-02-11,730.0,720.1,730.0,789.9,698.53,8.21,1.9,10.79,MEDIUM,-2.93,-0.14,-5.16,7.58,1.477,0,0.0,STOP,14,-4.31,4.11,-8.51,
2026-02-12,750.0,738.28,750.0,789.9,714.84,5.32,1.13,11.72,MEDIUM,0.15,2.6,-2.33,5.05,1.563,0,0.0,STOP,12,-4.69,1.33,-10.95,
2026-02-13,750.0,738.05,750.0,789.9,714.15,5.32,1.11,11.95,MEDIUM,1.08,1.09,-2.46,5.05,1.593,0,0.0,STOP,11,-4.78,1.33,-10.95,
2026-02-16,755.0,743.43,755.0,789.9,720.29,4.62,1.01,11.57,MEDIUM,0.8,2.58,-1.69,4.42,1.533,0,0.0,STOP,10,-4.6,0.66,-11.54,
2026-02-17,755.0,743.65,755.0,789.9,720.95,4.62,1.02,11.35,MEDIUM,2.72,3.59,-1.31,4.42,1.503,0,0.0,STOP,9,-4.51,0.66,-11.54,
2026-02-18,755.3,743.91,755.3,789.9,721.12,4.58,1.01,11.39,MEDIUM,2.9,4.92,-0.62,4.38,1.508,0,0.0,STOP,8,-4.53,0.62,-11.57,
2026-02-19,760.0,748.61,760.0,789.9,725.82,3.93,0.87,11.39,MEDIUM,5.41,6.89,0.66,3.79,1.499,0,0.0,STOP,7,-4.5,0.0,-12.12,
2026-02-20,760.0,748.63,760.0,789.9,725.89,3.93,0.88,11.37,MEDIUM,4.11,6.59,0.66,3.79,1.496,0,0.0,STOP,6,-4.49,-0.66,-12.12,
2026-02-23,755.0,743.7,755.0,789.9,721.1,4.62,1.03,11.3,MEDIUM,4.08,4.86,-4.42,4.42,1.497,1,68.0,STOP,5,-4.49,0.0,-11.54,
2026-02-24,753.9,742.67,753.9,789.9,720.21,4.78,1.07,11.23,MEDIUM,4.69,3.99,-3.72,4.56,1.489,1,68.0,STOP,4,-4.47,0.01,-11.41,
2026-02-25,749.0,737.76,749.0,789.9,715.29,5.46,1.21,11.24,MEDIUM,1.22,2.6,-3.97,5.18,1.5,1,68.0,STOP,3,-4.5,0.0,-10.83,
2026-02-26,739.0,727.69,739.0,789.9,705.06,6.89,1.5,11.31,MEDIUM,-0.14,0.68,-6.04,6.44,1.531,1,68.0,STOP,2,-4.59,0.81,-9.62,
2026-02-27,726.0,723.9,726.0,789.9,700.13,8.8,2.47,11.89,MEDIUM,-1.88,-0.75,-7.04,8.09,1.637,2,84.0,STOP,1,-3.56,-0.15,-8.0,
2026-03-02,709.9,709.9,709.9,789.9,683.7,11.27,3.05,13.1,MEDIUM,-3.41,-1.4,-9.1,10.13,1.845,2,84.0,STOP,1,-3.69,2.11,-5.92,
2026-03-03,680.0,680.0,680.0,780.81,649.94,14.83,3.35,15.03,MEDIUM,-7.36,-5.58,-12.83,13.91,2.21,2,84.0,EXPIRED,20,1.47,6.6,-1.78,
2026-03-04,685.0,680.0,685.0,789.9,647.09,15.31,2.77,16.46,MEDIUM,-5.91,-4.89,-11.85,13.28,2.403,2,84.0,EXPIRED,20,-0.55,5.82,-2.5,
2026-03-05,708.0,690.95,708.0,789.9,656.85,11.57,1.6,17.05,MEDIUM,-2.83,-1.46,-9.0,10.37,2.408,2,84.0,EXPIRED,20,-3.95,2.39,-5.66,
2026-03-06,701.1,683.4,701.1,789.9,648.0,12.67,1.67,17.7,LOW,-3.15,-3.3,-10.12,11.24,2.525,2,84.0,EXPIRED,20,-3.58,1.97,-4.74,
2026-03-09,667.9,667.9,667.9,789.9,629.16,18.27,3.15,19.37,LOW,-8.63,-7.22,-14.37,15.44,2.9,2,84.0,EXPIRED,20,5.7,7.04,1.06,
2026-03-10,695.0,673.48,695.0,789.9,630.44,13.65,1.47,21.52,LOW,-4.4,-3.47,-8.31,12.01,3.097,2,84.0,EXPIRED,20,1.17,2.86,-2.88,
2026-03-11,707.3,685.6,707.3,789.9,642.2,11.68,1.27,21.7,LOW,-2.71,-1.75,-8.72,10.46,3.068,2,84.0,EXPIRED,20,0.52,1.07,-4.57,
2026-03-12,701.0,679.44,701.0,789.9,636.31,12.68,1.37,21.56,LOW,-3.97,-3.16,-9.78,11.25,3.076,2,84.0,EXPIRED,20,-0.14,1.98,-3.71,
2026-03-13,680.0,667.9,680.0,789.9,623.06,16.16,1.93,22.42,LOW,-9.33,-5.56,-11.92,13.91,3.297,1,68.0,EXPIRED,20,2.97,5.13,-0.74,
2026-03-16,691.3,667.9,691.3,789.9,620.77,14.26,1.4,23.56,LOW,-7.83,-4.71,-10.21,12.48,3.409,1,68.0,EXPIRED,20,1.69,3.41,-2.36,
2026-03-17,692.0,668.44,692.0,789.9,621.31,14.15,1.38,23.56,LOW,-8.34,-4.68,-10.36,12.39,3.405,1,68.0,EXPIRED,20,1.59,3.31,-2.46,
2026-03-18,714.9,690.91,714.9,789.9,642.94,10.49,1.04,23.99,LOW,-5.31,-3.13,-7.78,9.49,3.355,1,68.0,EXPIRED,20,0.01,1.13,-5.58,
2026-03-19,692.0,667.9,692.0,789.9,619.09,14.15,1.34,24.41,LOW,-8.38,-7.16,-10.94,12.39,3.527,1,68.0,EXPIRED,20,2.33,4.48,-2.46,
2026-03-24,690.0,667.9,690.0,789.9,619.94,14.48,1.43,23.98,LOW,-9.21,-9.69,-11.31,12.65,3.475,0,0.0,EXPIRED,20,3.62,4.78,-2.17,
2026-03-25,703.8,681.54,703.8,789.9,637.01,12.23,1.29,22.26,LOW,-7.39,-7.39,-10.63,10.9,3.163,0,0.0,EXPIRED,20,1.45,2.73,-4.09,
2026-03-26,694.0,673.89,694.0,789.9,633.68,13.82,1.59,20.11,LOW,-8.08,-7.96,-10.46,12.14,2.897,0,0.0,EXPIRED,20,2.31,4.18,-2.74,
2026-03-27,680.2,667.9,680.2,789.9,628.14,16.13,2.11,19.88,LOW,-9.78,-9.31,-11.67,13.89,2.922,0,0.0,EXPIRED,20,1.29,6.29,-0.76,
